student_id,course_id,final_grade,gender,course_interest,perceived_competence,utility_value,q1,q2,q3,q4,q5,q6,q7,q8,q9,q10
43146,FrScA-S216-02,93.4537246,M,5,4.5,4.333333333,5,4,4,5,5,5,5,5,4,5
44638,OcnA-S116-01,81.70184255,F,4.2,3.5,4,4,4,3,4,4,4,4,5,4,4
47448,FrScA-S216-01,88.48758465,M,5,4,3.666666667,5,4,4,5,5,4,4,5,3,5
47979,OcnA-S216-01,81.85259631,M,5,3.5,5,5,5,3,5,5,5,4,5,5,5
48797,PhysA-S116-01,84,F,3.8,3.5,3.5,4,3,3,4,4,4,4,4,NA,3
51943,FrScA-S216-03,NA,F,4.6,4,4,NA,NA,NA,NA,NA,NA,NA,NA,NA,NA
52326,AnPhA-S216-01,83.5882656,M,5,3.5,5,5,5,3,5,5,5,4,5,5,5
52446,PhysA-S116-01,97.77777778,F,3,3,3.333333333,3,3,3,3,3,4,3,3,3,3
53447,FrScA-S116-01,96.11872146,F,4.2,3,2.666666667,4,3,3,4,4,3,3,4,2,5
53475,FrScA-S116-02,NA,M,NA,NA,NA,NA,NA,NA,NA,NA,NA,NA,NA,NA,NA
53475,FrScA-S216-01,81.03837472,M,NA,NA,NA,NA,NA,NA,NA,NA,NA,NA,NA,NA,NA
54066,OcnA-S116-01,93.90452261,M,4.4,4,5,4,5,3,5,5,5,5,4,5,4
54282,OcnA-S116-02,93.40033501,F,3.4,3,2.666666667,3,3,3,3,4,3,3,3,2,4
54342,OcnA-S116-02,64.78224456,F,4.7,4.5,3.833333333,5,3,5,5,5,5,5,5,2,5
54346,OcnA-S116-01,51.0921273,F,NA,NA,NA,NA,NA,NA,NA,NA,NA,NA,NA,NA,NA
54434,PhysA-S116-01,93.0625,F,4,3,3,4,2,2,4,4,4,4,4,2,4
54567,OcnA-S216-02,65.84254606,F,4.2,4,4,4,4,3,5,4,4,5,4,4,4
55078,FrScA-S216-01,97.74266366,F,4.2,3.5,4.333333333,NA,NA,NA,NA,NA,NA,NA,NA,NA,NA
55140,PhysA-S116-01,73.78472222,F,3.8,3,2.666666667,4,3,3,4,4,3,3,4,2,3
55283,FrScA-S116-01,NA,F,3.8,3.5,2.833333333,4,2,3,4,3,3,3,4,3,4
56152,AnPhA-S116-02,94.1248,F,4,4,2.666666667,3,2,4,4,5,3,4,5,3,3
57188,AnPhA-S116-02,80.7344,F,4.3,4,4.166666667,3,4,3,5,4,4,4,3,3,3
57188,FrScA-S216-01,76.9751693,F,4.3,4,4.166666667,NA,NA,NA,NA,NA,NA,NA,NA,NA,NA
57224,FrScA-S116-03,87.09360731,F,4.6,3.75,3.333333333,4,2,3,5,5,4,3,5,3,4
57489,PhysA-S116-01,94.79166667,F,3.6,2.5,3.333333333,3,2,2,4,4,4,3,4,4,3
57981,OcnA-S116-01,66.69011725,F,4.2,3,3.666666667,4,4,3,4,4,4,3,5,3,4
58168,AnPhA-S216-01,96.5216,F,5,5,4.666666667,5,5,5,NA,5,5,5,5,4,5
58178,OcnA-S116-01,92.68174204,F,4,3,4,4,4,2,4,4,4,4,4,4,4
60186,AnPhA-S116-01,86.272,F,5,5,4.666666667,5,4,5,5,5,5,5,5,5,5
61357,FrScA-S116-02,NA,F,NA,NA,NA,NA,NA,NA,NA,NA,NA,NA,NA,NA,NA
61941,FrScA-S116-01,94.29223744,M,4,3.5,3.333333333,4,3,3,4,4,4,4,4,3,4
61965,BioA-S116-01,77.65698925,M,NA,NA,NA,NA,NA,NA,NA,NA,NA,NA,NA,NA,NA
62157,FrScA-S116-02,70.62100457,F,4.5,3.5,3.333333333,5,3,3,5,4,3,4,5,3,5
62175,OcnA-S216-01,73.77386935,M,4,4,3.333333333,5,3,4,4,4,3,4,4,4,3
62576,PhysA-S116-01,94.44444444,M,3.4,3,2.666666667,3,4,2,4,3,3,4,3,1,4
62752,PhysA-S116-01,93.77777778,F,4.2,2.5,2.333333333,4,3,3,5,3,3,2,4,1,5
62754,PhysA-S116-01,96.34027778,F,3.7,2.5,3,4,3,2,4,3,3,2,3,1,2
64930,FrScA-T116-01,83.23287671,F,4,3,3.666666667,4,3,3,4,4,4,3,4,4,4
65116,FrScA-S216-01,93.22799097,M,4.8,4.25,3.833333333,5,4,4,5,5,4,5,5,5,5
65627,AnPhA-S116-02,81.4872,F,NA,NA,NA,NA,NA,NA,NA,NA,NA,NA,NA,NA,NA
66508,AnPhA-T116-01,NA,F,4,3,4.333333333,4,4,3,4,4,5,3,4,4,4
66508,PhysA-T116-01,93.88888889,M,4,3,4.333333333,NA,NA,NA,NA,NA,NA,NA,NA,NA,NA
66689,FrScA-S216-01,98.64559819,M,4.5,3.75,3.5,4,4,3,4,4,4,4,4,3,4
66693,AnPhA-S116-01,93.7536,F,3.8,3.25,3.166666667,4,3,2,4,4,4,4,4,3,4
66740,OcnA-S116-01,99.32998325,M,5,4.5,3.666666667,5,2,4,5,5,4,5,5,5,5
66811,AnPhA-S116-01,91.2016,F,3.8,2.5,4,4,3,2,4,3,5,3,4,4,4
66862,AnPhA-S116-01,59.8197328,F,4,3,3.666666667,4,3,2,4,4,4,4,4,4,4
67013,AnPhA-S216-01,46.072,F,3.3,4.25,2.333333333,4,3,4,4,3,3,5,4,3,3
67102,PhysA-S216-01,89.86111111,F,NA,NA,NA,NA,NA,NA,NA,NA,NA,NA,NA,NA,NA
67463,FrScA-S216-01,91.4221219,M,4.2,3,3.666666667,4,3,3,4,4,4,3,4,4,5
67508,AnPhA-S116-01,83.8149328,F,3.8,3.5,3.333333333,4,3,3,4,4,4,4,4,3,3
67762,FrScA-S116-02,83.41324201,M,4,3,3.666666667,4,3,2,4,4,4,4,4,4,4
67920,OcnA-S116-01,90.70351759,F,5,4.5,4,5,4,4,5,5,4,5,5,4,5
68022,OcnA-S216-01,90.95979899,F,4.4,3,2.666666667,4,3,1,5,3,3,5,5,2,5
68188,FrScA-S116-01,92.46575342,F,5,4.5,5,5,5,4,5,5,5,5,5,5,5
68476,OcnA-S116-02,94.57956449,F,3.7,3.5,4,4,4,2,2,3,4,4,4,4,4
68598,BioA-S116-01,87.24408602,M,3.2,3,2.333333333,4,3,2,2,4,2,4,4,2,2
68768,FrScA-S116-02,64.76027397,F,4.6,4.5,4.666666667,4,5,4,5,4,5,5,5,4,5
68795,FrScA-S216-01,83.06997743,M,4.1,3.75,3.333333333,4,4,4,5,4,4,5,5,4,4
69072,FrScA-S116-01,93.60730594,F,4.4,3.5,3.666666667,5,3,3,5,4,4,4,4,4,4
69182,FrScA-S216-01,91.19638826,F,5,4.5,4.333333333,5,4,4,5,5,4,5,5,5,5
69397,FrScA-S216-01,94.69525959,F,4.1,3.25,3.333333333,4,4,3,4,4,5,3,5,3,5
69544,FrScA-S216-04,93.17155756,F,5,3.5,4.333333333,5,4,3,5,5,4,4,5,5,5
69743,AnPhA-S216-01,85.4714656,M,4.3,4,4,5,4,5,5,4,4,5,4,4,5
69937,BioA-S116-01,NA,F,NA,NA,NA,NA,NA,NA,NA,NA,NA,NA,NA,NA,NA
70037,FrScA-S116-01,93.37899543,F,2.4,3,3,3,3,3,1,3,4,3,2,2,3
70068,FrScA-S116-03,95.37671233,F,5,5,5,5,5,5,5,5,5,5,5,5,5
70187,PhysA-S216-01,78.125,F,3.6,2.5,2.666666667,4,3,2,4,3,3,3,4,2,3
70192,AnPhA-S116-02,95.96,F,4.4,3,2.666666667,4,3,3,4,4,3,3,5,2,5
70408,BioA-S116-01,91.50537634,F,3.8,3.5,3.333333333,NA,NA,NA,NA,NA,NA,NA,NA,NA,NA
70532,AnPhA-S116-01,93.64,F,4.2,3.5,3.833333333,4,4,3,4,4,4,3,4,4,5
70681,BioA-S116-01,90.23655914,F,3.8,3.666666667,4.833333333,NA,NA,NA,NA,NA,NA,NA,NA,NA,NA
71110,FrScA-S216-01,88.71331828,F,5,3.5,3.333333333,5,3,3,5,5,3,4,5,4,5
71415,FrScA-S216-01,14.4469526,F,5,4.75,4.166666667,5,2,4,5,5,4,5,5,5,5
71434,BioA-S116-01,83.96021505,F,4.6,3.5,3,NA,NA,NA,NA,NA,NA,NA,NA,NA,NA
71725,AnPhA-S216-01,77.2789328,F,4.8,4,4.666666667,5,5,4,5,5,5,4,5,4,4
72287,FrScA-T116-01,90.86757991,F,3.2,2,2.666666667,3,2,2,3,4,3,2,3,3,3
73132,FrScA-S116-03,87.52968037,M,NA,NA,NA,NA,NA,NA,NA,NA,NA,NA,NA,NA,NA
74551,PhysA-S116-01,71.67083333,M,5,4.25,4,5,2,3,5,5,4,4,5,3,5
74552,AnPhA-S216-02,96.16,F,NA,NA,NA,NA,NA,NA,NA,NA,NA,NA,NA,NA,NA
76132,AnPhA-T116-01,95.3392,M,4,3,3.833333333,4,4,2,4,4,4,3,4,4,4
76133,PhysA-S116-01,93.61805556,M,4.2,3.5,3.666666667,5,4,3,4,4,4,4,4,3,4
76426,PhysA-S116-01,95.41666667,F,2.4,3.5,2.666666667,1,2,2,3,4,4,5,3,2,1
76443,OcnA-S216-01,NA,F,4.5,3.5,3.666666667,4,3,4,5,5,4,3,NA,4,4
76673,AnPhA-S216-01,92.2,F,4.2,3.5,4,NA,NA,NA,NA,NA,NA,NA,NA,NA,NA
76674,AnPhA-S216-01,95.8608,M,NA,NA,NA,NA,NA,NA,NA,NA,NA,NA,NA,NA,NA
76840,AnPhA-S216-01,74.4392,M,3.933333333,3.5,3.222222222,4,2,3,4,4,2,5,4,2,2
76840,FrScA-S116-01,92.46575342,F,3.933333333,3.5,3.222222222,NA,NA,NA,NA,NA,NA,NA,NA,NA,NA
76891,OcnA-S116-01,88.91624791,F,3.8,4,3.666666667,3,4,3,5,4,5,5,4,2,3
76930,AnPhA-S116-02,81.272,F,3.4,3.5,4,4,4,3,2,3,4,4,4,4,4
76998,AnPhA-S216-01,40.2389328,F,4.2,4,4,4,4,4,5,4,4,4,4,4,4
77010,AnPhA-S116-01,73.1706672,M,NA,NA,NA,NA,NA,NA,NA,NA,NA,NA,NA,NA,NA
77067,FrScA-S216-02,NA,F,4.6,3.5,3.333333333,5,5,3,5,4,1,4,5,4,4
77141,FrScA-S216-02,82.27990971,F,5,3.5,4,5,4,3,5,5,4,4,5,4,5
77169,BioA-S116-01,93.8172043,M,4.6,3.5,4.666666667,5,5,3,4,4,5,4,5,4,5
77190,FrScA-S216-01,92.43792325,F,NA,NA,NA,NA,NA,NA,NA,NA,NA,NA,NA,NA,NA
77246,FrScA-S116-01,88.35616438,F,3.4,2,4,4,4,2,2,4,4,2,4,4,3
77298,FrScA-S116-02,75.46118721,F,4.8,2.5,3.333333333,4,3,2,5,5,4,3,5,3,5
77976,FrScA-S116-03,90.59589041,F,4.4,3.5,3,5,3,4,5,4,3,5,5,4,5
77980,FrScA-S216-02,93.00225734,M,3.2,3,3,4,3,2,2,4,3,4,4,3,2
78000,FrScA-S216-01,91.4221219,F,4.8,5,3,5,NA,5,5,5,4,5,5,2,4
78002,OcnA-S216-02,63.98324958,F,3,3.5,4.333333333,3,4,4,3,4,5,3,NA,4,2
78153,PhysA-S216-01,99.02777778,F,4.4,3.5,4.333333333,4,4,3,5,4,5,4,5,4,4
78164,AnPhA-S216-01,76.104,M,5,3.5,4,5,5,4,5,5,4,3,5,3,5
78241,OcnA-S216-02,57.24958124,F,5,4,4.666666667,5,4,3,5,5,5,5,5,5,5
78691,FrScA-S116-03,92.92237443,F,NA,NA,NA,NA,NA,NA,NA,NA,NA,NA,NA,NA,NA
79128,PhysA-S116-01,96.40972222,F,4,3,4.333333333,4,3,2,5,4,5,4,4,5,3
79220,AnPhA-S116-02,91.8208,F,4,3,2.333333333,4,2,2,4,4,3,4,4,2,4
79352,PhysA-S116-01,95.48611111,M,5,4,5,5,5,3,5,5,5,5,5,5,5
79596,PhysA-S116-01,90.97222222,F,4,3,3.333333333,4,3,2,5,4,4,4,4,3,3
79859,AnPhA-T116-01,72.992,F,4,3,4.333333333,3,4,3,4,4,5,3,5,4,4
79893,OcnA-T116-01,94.46566164,M,4,4,4,4,4,4,4,4,4,4,4,4,4
80822,OcnA-S216-01,90.94639866,F,5,4,5,5,5,4,5,5,5,4,5,5,5
84632,PhysA-T116-01,97.63888889,F,4,4,4,4,4,4,4,4,NA,NA,NA,NA,NA
84640,AnPhA-T116-01,86.1648,F,4,3.5,3.333333333,4,4,3,4,4,4,4,4,2,4
84641,AnPhA-T116-01,83.5525328,M,NA,NA,NA,NA,NA,NA,NA,NA,NA,NA,NA,NA,NA
84645,OcnA-T116-01,22.680067,F,5,5,5,5,5,5,5,5,5,5,5,5,5
84684,OcnA-T116-01,90.80569514,M,4.125,3.666666667,3,4,2,3,3,4,NA,NA,NA,NA,NA
84685,OcnA-T116-01,82.0318258,M,3.8,3.5,4,4,4,3,3,4,4,4,4,4,4
84749,AnPhA-T116-01,82.552,M,4,3,4,5,4,4,2,4,4,2,5,4,4
84757,AnPhA-T116-01,85.3376,M,NA,NA,NA,NA,NA,NA,NA,NA,NA,NA,NA,NA,NA
84794,BioA-T116-01,73.81827957,M,5,4.5,5,5,5,5,5,5,5,4,5,5,5
84932,OcnA-S216-01,88.30318258,F,4.2,4,4,4,4,4,5,4,5,4,4,3,4
85123,FrScA-S216-01,81.71557562,F,4.333333333,3,4,5,4,3,4,4,NA,NA,NA,NA,NA
85248,AnPhA-S216-01,94.8261328,M,NA,NA,NA,NA,NA,NA,NA,NA,NA,NA,NA,NA,NA
85249,AnPhA-S116-01,86.8912,F,4.4,3.5,2.666666667,4,2,3,5,5,3,4,5,3,3
85258,FrScA-S116-02,NA,F,5,3.5,4,NA,NA,NA,NA,NA,NA,NA,NA,NA,NA
85258,FrScA-S216-01,89.05191874,F,5,3.5,4,5,5,4,5,5,4,3,5,3,5
85287,FrScA-S216-01,93.67945824,F,4.1,3.666666667,4.333333333,5,4,4,4,5,5,NA,5,4,4
85292,BioA-S116-01,93.34946237,F,4,3.5,4,4,4,3,4,4,4,4,4,4,4
85323,FrScA-S116-01,15.06849315,F,3.4,2.75,3.333333333,3,3,2,2,2,4,3,3,2,3
85348,FrScA-S216-03,76.29464286,M,3,2.5,3,3,3,3,3,3,3,2,3,3,3
85355,OcnA-S116-01,17.22278057,F,5,4,5,5,5,3,5,5,5,5,5,5,5
85390,PhysA-S116-01,3.055555556,F,4.8,4.5,4.5,5,NA,4,5,5,4,5,5,5,4
85410,OcnA-S116-02,93.9279732,F,NA,NA,NA,NA,NA,NA,NA,NA,NA,NA,NA,NA,NA
85411,AnPhA-S116-01,90.9157328,F,NA,NA,NA,NA,NA,NA,NA,NA,NA,NA,NA,NA,NA
85416,FrScA-S116-01,94.74885845,F,4,2.5,4,4,4,2,4,4,4,3,4,4,4
85431,FrScA-S116-01,92.92237443,F,4.8,4,4,5,3,4,4,5,5,4,5,4,5
85432,FrScA-S116-01,49.08675799,F,5,4,4.666666667,5,5,4,5,5,5,4,5,4,5
85433,FrScA-S116-01,72.14611872,F,4.1,3.5,4.333333333,3,4,2,3,3,4,3,3,4,4
85443,FrScA-S116-01,86.30136986,F,4.8,3.5,3.666666667,5,4,4,5,4,5,3,5,2,5
85482,OcnA-S116-02,79.49916248,M,5,5,5,5,5,5,NA,5,5,5,5,5,5
85487,OcnA-S116-02,NA,M,4,4,4,4,3,4,4,4,4,4,4,5,4
85522,PhysA-S116-01,98.05555556,F,3.6,2.5,2.666666667,3,2,2,4,3,3,3,4,3,4
85539,FrScA-S116-01,90.1826484,M,3.8,3.5,3,NA,NA,NA,NA,NA,NA,NA,NA,NA,NA
85567,FrScA-S116-02,65.17808219,M,3.8,3,3.666666667,4,4,3,4,4,4,3,4,3,3
85573,FrScA-S116-03,71.25114155,M,4.7,4.75,4.666666667,5,5,5,5,5,5,5,5,5,5
85574,FrScA-S116-03,96.60502283,F,NA,NA,NA,NA,NA,NA,NA,NA,NA,NA,NA,NA,NA
85579,FrScA-S116-01,96.34703196,F,5,3,3,5,1,3,5,5,5,3,5,3,5
85583,AnPhA-S116-01,91.6549328,F,4.4,4.25,3,4,3,3,4,4,4,4,4,3,4
85583,FrScA-S216-01,83.06997743,M,4.4,4.25,3,5,2,5,5,5,3,5,5,3,4
85642,FrScA-S216-01,83.74717833,M,4.6,3.5,3.666666667,5,3,4,5,4,4,3,4,4,5
85644,FrScA-S216-01,84.98871332,F,NA,NA,NA,NA,NA,NA,NA,NA,NA,NA,NA,NA,NA
85644,OcnA-S116-01,79.09715243,F,NA,NA,NA,NA,NA,NA,NA,NA,NA,NA,NA,NA,NA
85649,FrScA-S116-01,86.98630137,F,NA,NA,NA,NA,NA,NA,NA,NA,NA,NA,NA,NA,NA
85650,FrScA-S116-01,100,F,4,3,3.666666667,4,3,2,4,4,4,4,4,4,4
85651,FrScA-S116-01,64.98858447,F,NA,NA,NA,NA,NA,NA,NA,NA,NA,NA,NA,NA,NA
85659,FrScA-S116-01,NA,M,4.2,4,3.666666667,NA,NA,NA,NA,NA,NA,NA,NA,NA,NA
85659,FrScA-S216-01,67.72009029,F,4.2,4,3.666666667,4,3,3,5,4,5,5,5,3,3
85661,FrScA-S116-02,87.19863014,M,5,4,3.666666667,5,3,4,5,5,5,4,5,3,5
85662,FrScA-S116-01,NA,F,4.7,4.25,3.5,5,4,4,5,4,3,5,5,4,4
85663,FrScA-S116-01,49.31506849,F,5,4,4,5,4,4,5,5,4,4,5,4,5
85665,FrScA-S116-01,96.80365297,F,3.6,3,3,4,2,2,3,4,4,4,4,3,3
85668,FrScA-S116-01,42.69406393,F,2.8,2.5,3.333333333,3,4,2,3,3,4,3,3,2,2
85698,FrScA-S116-02,32.5913242,F,4.2,3,3.666666667,5,4,3,5,4,4,3,3,3,4
85700,FrScA-S116-03,89.84246575,F,5,3,4,5,4,3,5,5,4,3,5,4,5
85701,FrScA-S116-03,91.4109589,F,NA,NA,NA,NA,NA,NA,NA,NA,NA,NA,NA,NA,NA
85702,FrScA-S116-03,86.52054795,F,5,5,5,5,5,5,5,5,5,5,5,5,5
85704,FrScA-S116-03,68.26484018,M,2.8,3,3.333333333,3,4,2,3,3,4,4,3,2,2
85791,FrScA-S116-01,96.80365297,M,3,3,2.666666667,3,3,3,3,4,3,3,3,2,2
85792,FrScA-S116-01,89.49771689,M,4.2,3,4,4,4,3,4,4,5,3,5,3,4
85796,FrScA-S216-01,91.19638826,M,4.2,3.5,3.666666667,4,4,3,5,4,4,4,4,3,4
85865,AnPhA-S116-01,52.1712,F,4.6,4.5,4.666666667,NA,NA,NA,NA,NA,NA,NA,NA,NA,NA
85866,AnPhA-S116-01,75.1296,M,2.4,2.5,3,3,3,3,2,2,4,2,3,2,2
85867,FrScA-S216-04,86.20767494,F,4.4,3,3.333333333,5,3,3,4,5,4,3,4,3,4
85889,BioA-S116-01,7.580645161,F,5,4.5,4,5,3,4,5,5,4,5,5,5,5
85891,FrScA-S116-03,85.87442922,F,NA,NA,NA,NA,NA,NA,NA,NA,NA,NA,NA,NA,NA
85929,FrScA-S116-01,85.61643836,M,4.1,3,3.166666667,5,3,3,5,4,4,3,5,3,5
85930,FrScA-S116-01,83.78995434,F,NA,NA,NA,NA,NA,NA,NA,NA,NA,NA,NA,NA,NA
85953,PhysA-S116-01,95.13888889,F,3.666666667,3.666666667,3.888888889,3,4,2,4,2,4,4,3,3,2
85962,PhysA-S116-01,85.93055556,F,3.8,3.5,3.333333333,4,3,3,4,4,4,4,4,3,3
85970,AnPhA-S116-01,81.6224,M,3.4,3,3.333333333,3,2,3,4,4,4,3,3,4,3
86002,FrScA-S216-04,91.50564334,F,5,5,5,5,5,5,5,5,5,5,5,5,5
86067,BioA-S116-01,88.78494624,F,NA,NA,NA,NA,NA,NA,NA,NA,NA,NA,NA,NA,NA
86072,AnPhA-S116-01,91.2928,M,4.2,3,3.666666667,4,4,3,4,4,4,3,5,3,4
86105,FrScA-S116-01,89.9543379,M,NA,NA,NA,NA,NA,NA,NA,NA,NA,NA,NA,NA,NA
86110,BioA-S116-01,75.11182796,F,4.8,4.5,4.333333333,5,4,4,5,4,5,5,5,4,5
86113,BioA-S116-01,75.0827957,F,4.25,3.5,3.666666667,3,3,3,3,3,3,2,3,1,4
86119,AnPhA-S116-01,71.7376,F,4.2,3.5,4,4,4,3,5,4,4,4,4,4,4
86130,BioA-S116-01,72.84946237,F,4.2,3,3.666666667,4,3,3,4,4,3,3,4,3,4
86133,OcnA-S116-02,79.11222781,M,4.6,3.5,3.333333333,5,3,3,3,5,4,4,5,3,5
86202,BioA-S116-01,45.76666667,F,4.8,3.5,3.666666667,4,3,3,5,5,5,4,5,3,5
86216,BioA-S116-01,92.94301075,F,4.8,3.5,3.666666667,5,3,4,4,5,4,3,5,4,5
86229,FrScA-S216-01,84.65011287,F,4.6,4.5,3.666666667,5,4,5,5,4,4,4,4,3,5
86240,OcnA-S216-01,71.80904523,F,3.8,3,4,3,4,3,4,4,5,3,4,3,4
86251,FrScA-S216-01,72.91196388,F,5,5,5,5,5,5,5,5,5,5,5,5,5
86267,AnPhA-S116-01,35.0608,M,5,3.5,5,5,5,3,5,5,5,4,5,5,5
86268,AnPhA-S216-01,93.5386672,M,NA,NA,NA,NA,NA,NA,NA,NA,NA,NA,NA,NA,NA
86271,FrScA-S116-01,97.26027397,F,NA,NA,NA,NA,NA,NA,NA,NA,NA,NA,NA,NA,NA
86275,AnPhA-S116-01,95.0208,F,4,3,4,4,4,3,4,4,4,3,4,4,4
86277,AnPhA-S116-01,89.8133328,M,4.2,3.5,3.666666667,4,3,4,4,4,4,3,4,4,5
86280,FrScA-S116-01,85.61643836,F,4.2,3.5,3.333333333,4,3,2,4,4,4,4,4,3,4
86286,AnPhA-S116-01,96.8144,F,5,4.5,5,5,5,4,5,5,5,5,5,5,5
86294,AnPhA-S116-01,83.4938672,F,5,4,5,5,5,5,5,5,5,3,5,5,5
86296,OcnA-S216-01,73.1038526,F,4.133333333,3.666666667,2.888888889,4,3,3,4,4,3,4,4,2,5
86309,FrScA-S116-03,68.65525114,F,NA,NA,1,NA,NA,NA,NA,NA,NA,NA,NA,1,NA
86314,AnPhA-S116-02,81.5237328,F,2.6,1.5,1,3,1,1,3,2,1,2,3,1,2
86339,FrScA-S116-01,91.78082192,F,4.2,3.5,3.666666667,4,4,3,5,4,4,4,4,3,4
86340,FrScA-S116-01,95.43378995,M,4.2,3.5,2.666666667,4,3,3,4,4,3,4,4,2,5
86340,OcnA-S216-01,NA,F,4.2,3.5,2.666666667,NA,NA,NA,NA,NA,NA,NA,NA,NA,NA
86349,FrScA-S216-01,87.81038375,F,3.8,2.5,3.333333333,4,4,2,4,3,3,3,4,3,4
86349,OcnA-S116-01,90.86767169,F,3.8,2.5,3.333333333,NA,NA,NA,NA,NA,NA,NA,NA,NA,NA
86353,PhysA-S116-01,85.73611111,F,5,3.5,5,5,5,5,5,5,5,2,5,5,5
86364,FrScA-S116-01,81.27853881,M,4.9,4.5,4.5,5,4,3,5,5,5,5,5,3,5
86365,FrScA-S116-01,98.17351598,M,4.6,5,5,5,5,5,4,4,5,5,5,5,5
86429,AnPhA-S116-01,89.5072,M,3,3,3,NA,NA,NA,NA,NA,NA,NA,NA,NA,NA
86432,AnPhA-S116-01,68.6629328,M,5,4.5,4.666666667,5,4,4,5,5,5,5,5,5,5
86446,AnPhA-S116-01,85.6208,M,3.8,4,3.333333333,4,4,3,4,5,3,5,4,3,2
86451,AnPhA-S116-01,93.7024,F,4,3.5,3.333333333,4,3,3,4,4,4,4,4,3,4
86455,FrScA-S116-01,91.09589041,F,4.5,3.75,3.75,4,2,2,4,4,4,4,4,2,4
86455,OcnA-S216-01,92.03517588,F,4.5,3.75,3.75,5,5,5,5,5,5,5,5,5,5
86460,OcnA-S116-01,88.72026801,M,NA,NA,NA,NA,NA,NA,NA,NA,NA,NA,NA,NA,NA
86476,AnPhA-S116-01,92.1949328,F,4.6,4,4,NA,NA,NA,NA,NA,NA,NA,NA,NA,NA
86476,FrScA-S116-01,95.43378995,F,4.6,4,4,5,5,4,5,4,4,4,5,3,4
86479,AnPhA-S116-01,92.6074672,F,4.2,3,3.333333333,4,3,3,4,4,4,3,4,3,5
86484,AnPhA-S116-01,80.0656,F,4,4,3.333333333,4,4,4,4,4,4,4,4,2,4
86488,AnPhA-S116-01,87.4408,M,3,2.5,3.333333333,4,4,2,3,3,3,3,2,3,3
86490,FrScA-S216-01,93.67945824,M,4.4,4.25,3.833333333,5,4,4,5,4,4,5,4,4,4
86492,AnPhA-S116-01,25.5928,F,NA,NA,NA,NA,NA,NA,NA,NA,NA,NA,NA,NA,NA
86504,AnPhA-S116-01,75.5392,M,NA,NA,NA,NA,NA,NA,NA,NA,NA,NA,NA,NA,NA
86515,FrScA-S216-01,87.13318284,F,4.333333333,3.666666667,3.555555556,5,4,3,4,4,4,4,5,2,4
86527,OcnA-S216-01,82.71524288,F,3.6,3,3.333333333,4,3,3,4,4,4,NA,4,3,2
86543,FrScA-S116-01,79.45205479,F,NA,NA,NA,NA,NA,NA,NA,NA,NA,NA,NA,NA,NA
86580,BioA-S116-01,83.16666667,M,5,4.5,5,5,5,4,5,5,5,5,5,5,5
86588,AnPhA-S116-01,19.84,F,4.8,4.5,4,5,4,5,5,4,4,4,5,4,5
86608,AnPhA-S116-01,79.8506672,M,3.6,4,2.666666667,3,2,4,4,3,3,4,4,3,4
86618,FrScA-S116-03,49.13013699,F,4.2,3.5,3.166666667,4,3,3,5,5,3,4,4,3,4
86627,FrScA-S116-02,61.2283105,F,3.6,3,3,4,3,3,4,4,3,3,3,3,3
86679,FrScA-S116-01,95.89041096,F,4.4,3.5,3.666666667,4,4,3,4,4,3,4,5,4,5
86689,OcnA-S116-02,60.40201005,M,NA,NA,NA,NA,NA,NA,NA,NA,NA,NA,NA,NA,NA
86697,OcnA-S216-02,90.07705193,M,5,4,3.333333333,5,3,3,5,5,4,5,5,3,5
86707,AnPhA-S116-02,85.9093344,F,3.9,3.5,3.166666667,4,2,3,4,4,3,4,4,1,2
86709,FrScA-S116-01,95.66210046,F,NA,NA,NA,NA,NA,NA,NA,NA,NA,NA,NA,NA,NA
86758,OcnA-S116-01,94.61474037,F,4.2,4,3.666666667,5,3,4,4,4,4,4,4,4,4
86792,FrScA-S116-01,99.08675799,M,3,3,4,3,3,2,4,2,5,4,3,4,3
86793,FrScA-S116-01,96.34703196,F,4,3.5,3,NA,NA,NA,NA,NA,NA,NA,NA,NA,NA
86794,FrScA-S116-01,90.1826484,F,NA,NA,NA,NA,NA,NA,NA,NA,NA,NA,NA,NA,NA
86803,FrScA-S116-01,87.55707763,M,4.4,3.5,4.666666667,NA,NA,NA,NA,NA,NA,NA,NA,NA,NA
86815,FrScA-S116-01,83.33333333,F,4.6,3.5,4.333333333,4,5,3,5,4,5,4,5,3,5
86836,FrScA-S216-01,89.84198646,M,3.3,4,2.666666667,2,2,2,1,3,2,5,2,2,3
86836,OcnA-S116-01,NA,F,3.3,4,2.666666667,NA,NA,NA,NA,NA,NA,NA,NA,NA,NA
86882,FrScA-S116-03,80.3652968,F,4.2,4,4.333333333,4,5,4,4,4,4,4,4,4,5
86942,AnPhA-S216-01,83.624,M,4.4,3.5,3.666666667,5,4,3,5,4,4,4,3,3,5
86943,OcnA-S116-01,73.07872697,F,5,5,4,5,4,5,5,5,5,5,5,3,5
87001,OcnA-S116-02,68.25795645,F,3.8,4.5,3.666666667,NA,NA,NA,NA,NA,NA,NA,NA,NA,NA
87010,FrScA-S116-01,88.01369863,F,4.7,3.5,4,5,3,3,5,4,4,3,5,2,3
87020,FrScA-S216-01,73.25056433,F,4.4,3,2.666666667,4,3,3,4,4,3,3,5,2,5
87027,FrScA-S116-01,78.76712329,F,4.3,3.5,4,5,5,4,4,4,5,4,5,4,5
87043,AnPhA-S116-01,91.312,F,NA,NA,NA,NA,NA,NA,NA,NA,NA,NA,NA,NA,NA
87081,BioA-S116-01,6.693548387,M,2.6,2.5,3,3,3,2,2,3,3,3,2,3,3
87093,FrScA-S116-01,60.2739726,F,4.4,4.5,4.666666667,5,5,4,4,4,5,5,5,4,4
87122,OcnA-S116-02,8.040201005,F,4.6,3.75,3.5,5,4,4,5,4,4,4,4,3,5
87163,FrScA-S116-01,88.58447489,M,NA,NA,NA,NA,NA,NA,NA,NA,NA,NA,NA,NA,NA
87166,AnPhA-S116-01,77.3104,F,5,3.5,4.333333333,5,4,3,5,5,5,4,5,4,5
87171,PhysA-S116-01,97.5,F,4.333333333,3.5,4.111111111,4,4,3,4,4,4,3,4,4,4
87209,OcnA-S116-02,80.83752094,F,4.8,4,3,4,3,4,5,5,3,4,5,3,5
87484,FrScA-S116-01,92.69406393,M,3.7,3.75,4,4,4,4,5,4,4,5,4,5,5
87485,FrScA-S116-01,65.98173516,M,3,3.5,3,4,3,3,3,3,3,4,3,3,2
87489,FrScA-S116-01,71.00456621,M,4.266666667,3.5,3.444444444,4,3,3,4,4,4,4,4,3,5
87504,FrScA-S116-01,55.02283105,M,NA,NA,NA,NA,NA,NA,NA,NA,NA,NA,NA,NA,NA
87552,BioA-S116-01,90.08064516,F,4,3,3,4,3,3,3,4,4,3,4,2,5
87579,FrScA-S116-01,96.11872146,F,3.2,3,3,3,3,3,3,4,4,3,3,2,3
87670,OcnA-S216-01,76.20435511,F,NA,NA,NA,NA,NA,NA,NA,NA,NA,NA,NA,NA,NA
87689,BioA-T116-01,82.70215054,F,NA,NA,NA,NA,NA,NA,NA,NA,NA,NA,NA,NA,NA
87693,FrScA-T116-01,89.76484018,M,4,3.5,2,4,2,3,4,4,2,4,4,2,4
87805,FrScA-S116-01,96.80365297,F,NA,NA,NA,NA,NA,NA,NA,NA,NA,NA,NA,NA,NA
87825,OcnA-S216-01,93.47738693,M,4.4,3.5,4.333333333,4,4,3,4,4,5,4,5,4,5
87861,FrScA-S216-01,95.48532731,F,3.4,2.5,2.333333333,4,2,2,3,4,3,3,4,2,2
87865,AnPhA-T116-01,83.1264,M,3.6,3.5,4,4,5,3,3,3,4,4,4,3,4
87866,FrScA-T116-01,94.50456621,F,4.6,3.25,3.5,5,4,3,5,4,4,3,3,3,5
87905,FrScA-S116-01,93.37899543,F,4.5,4,4.333333333,5,5,4,4,4,5,4,5,4,5
87906,FrScA-S116-01,81.73515982,M,4.6,4,3.333333333,4,3,3,5,5,4,5,5,3,4
87914,FrScA-S116-01,86.07305936,F,3.933333333,3.5,3.666666667,4,4,4,4,5,4,4,4,4,4
87927,FrScA-S116-01,69.6347032,F,3.4,3.5,4.666666667,3,5,3,3,4,5,4,4,4,3
87955,OcnA-T116-01,83.44723618,M,4.1,3.5,3.833333333,4,3,3,4,4,3,4,4,3,4
87970,OcnA-S116-01,86.69514238,F,4.6,3.5,4,5,4,4,5,4,5,3,4,3,5
87988,FrScA-S216-02,NA,F,4.8,4,4.333333333,5,4,3,5,5,5,5,5,4,4
88048,FrScA-S216-02,93.00225734,F,3.8,2.5,3,4,3,2,4,4,3,3,4,3,3
88050,AnPhA-S116-01,71.6757328,F,4.2,3.25,3.833333333,4,4,3,5,4,4,4,4,4,5
88068,AnPhA-S116-01,70.6074672,F,4.4,4,3.666666667,5,4,5,5,4,4,3,4,3,4
88075,FrScA-S116-04,83.17123288,F,3.6,3,4.333333333,3,5,3,4,3,4,3,4,4,4
88091,PhysA-S116-01,97.72222222,M,3.6,2.5,2.333333333,4,2,2,4,3,3,3,4,2,3
88099,AnPhA-S116-01,81.9629328,M,4,3,3,4,3,2,4,4,3,4,4,3,4
88153,AnPhA-S116-01,88.7024,F,4.6,3.75,3.666666667,5,4,4,5,5,5,5,4,4,5
88166,OcnA-S116-02,84.92127303,F,3.9,3.25,3.833333333,4,4,3,4,4,4,4,4,3,4
88168,OcnA-S116-02,95.96314908,M,4.4,4,4,4,4,4,5,4,4,4,4,4,5
88261,FrScA-S116-01,98.63013699,M,5,3.5,4,5,4,3,5,5,4,4,5,4,5
88282,OcnA-T116-01,92.12060302,F,3.6,3.5,2.666666667,4,2,3,4,4,3,4,4,3,2
88296,PhysA-S116-01,58.53472222,F,5,4.25,3.833333333,5,4,5,5,5,5,5,5,5,5
88307,OcnA-S116-03,54.5352381,F,3.9,3.5,4,NA,NA,NA,NA,NA,NA,NA,NA,NA,NA
88311,FrScA-S216-04,92.60722348,M,4,3.5,4,4,4,3,4,4,4,4,4,4,4
88340,OcnA-T116-01,68.93802345,F,5,4.5,5,5,5,5,5,5,5,4,5,5,5
88381,PhysA-S116-01,96.80555556,M,4.8,3.5,3.833333333,4,5,3,5,5,5,4,4,4,5
88409,FrScA-S116-03,68.03424658,F,4.4,4,3.333333333,5,4,4,5,4,3,4,4,3,4
88440,AnPhA-S216-01,84.216,F,4.2,4,4,NA,NA,NA,NA,NA,NA,NA,NA,NA,NA
88440,OcnA-S116-01,81.06532663,F,4.2,4,4,4,4,3,5,4,4,5,4,4,4
88474,OcnA-S216-01,56.9681742,F,3.5,2.5,3.666666667,4,4,3,4,4,4,3,4,3,3
88481,PhysA-S116-01,26.80555556,F,4,4,4,4,4,4,4,4,4,4,4,4,4
88493,FrScA-S116-01,NA,M,3.8,3.5,3,4,3,3,4,4,3,4,4,3,3
88501,FrScA-S116-01,78.31050228,F,5,4,3.333333333,NA,NA,NA,NA,NA,NA,NA,NA,NA,NA
88504,OcnA-S216-01,NA,F,4.2,4,3.666666667,5,4,4,4,4,4,4,4,3,4
88527,FrScA-S116-01,92.69406393,F,4.1,4,4.5,5,5,3,5,5,4,5,5,5,5
88568,BioA-S116-01,36.57419355,F,4.6,4,4,4,4,4,5,4,5,4,5,3,4
88568,BioA-S216-01,NA,F,4.6,4,4,NA,NA,NA,NA,NA,NA,NA,NA,NA,NA
88596,FrScA-S216-01,91.87358916,F,NA,NA,NA,NA,NA,NA,NA,NA,NA,NA,NA,NA,NA
88612,AnPhA-S216-01,71.6544,F,4.8,3.5,3.333333333,NA,NA,NA,NA,NA,NA,NA,NA,NA,NA
88636,FrScA-S116-03,65.56392694,M,5,5,5,5,5,5,5,5,NA,NA,NA,NA,NA
88641,AnPhA-S116-01,87.1808,F,4.2,4,4,4,4,4,5,4,5,4,4,3,4
88642,OcnA-S216-02,83.58458961,F,4.4,4,3.5,4,3,4,4,5,4,4,5,4,4
88703,OcnA-T116-01,35.74539363,F,5,5,5,5,5,5,5,5,5,5,5,5,5
88803,OcnA-S216-02,65.03685092,F,4.2,3,3.666666667,NA,NA,NA,NA,NA,NA,NA,NA,NA,NA
88835,FrScA-S116-03,81.97945205,F,3.9,3.75,3.5,4,3,4,4,4,4,4,4,4,4
88836,FrScA-S116-03,67.91780822,F,5,5,5,5,5,5,5,5,5,5,5,5,5
88845,FrScA-S216-01,90.97065463,F,4.4,3.5,4,4,5,3,4,4,4,4,4,3,3
88849,OcnA-S216-01,90.76884422,M,3.6,3,3.666666667,4,4,3,3,3,4,3,4,3,4
88854,FrScA-S216-01,69.63882619,F,3.9,3.5,3.833333333,4,4,3,4,3,4,4,4,5,4
88854,OcnA-S116-01,76.5879397,F,3.9,3.5,3.833333333,NA,NA,NA,NA,NA,NA,NA,NA,NA,NA
88864,OcnA-S216-02,69.8040201,F,3.4,4.5,3.666666667,NA,NA,NA,NA,NA,NA,NA,NA,NA,NA
88868,FrScA-S116-03,76.30821918,F,4.8,3.5,4.666666667,5,5,4,5,4,5,3,5,4,5
88874,FrScA-S116-03,11.15296804,F,4.4,3.5,3.666666667,5,4,3,4,4,4,4,4,3,5
88886,FrScA-S116-03,75.28310502,F,4.2,3,5,5,5,5,1,5,5,1,5,5,5
88979,AnPhA-S216-02,NA,F,NA,NA,NA,NA,NA,NA,NA,NA,NA,NA,NA,NA,NA
88995,AnPhA-T116-01,85.7936,F,3.4,3,3,3,NA,3,3,4,3,3,3,3,4
89005,AnPhA-T116-01,87.6208,F,NA,NA,NA,NA,NA,NA,NA,NA,NA,NA,NA,NA,NA
89114,OcnA-S116-01,95.00837521,F,5,3.5,3.666666667,5,3,4,5,5,5,3,5,3,5
89128,FrScA-S116-01,87.67123288,M,4.5,4.25,3.833333333,4,4,4,4,4,4,4,4,3,4
89142,AnPhA-S116-01,95.104,M,4.2,4,4,4,3,3,4,5,5,5,5,4,3
89144,FrScA-S116-03,90.65068493,F,4.6,3.5,4.333333333,4,5,3,5,4,5,4,5,3,5
89165,FrScA-S116-03,92.46575342,F,4.3,3.5,3,5,3,4,5,5,3,4,5,2,5
89168,FrScA-S116-03,NA,M,4.8,3,3.333333333,5,3,3,5,4,4,3,5,3,5
89194,AnPhA-S116-01,83.2053328,F,4.8,4.5,4.666666667,5,5,5,5,4,4,4,5,5,5
89295,PhysA-S116-01,68.05555556,F,3.9,3.25,3.166666667,4,2,1,3,4,4,4,4,4,4
89300,BioA-S116-01,61.3172043,M,NA,NA,NA,NA,NA,NA,NA,NA,NA,NA,NA,NA,NA
89333,FrScA-S216-01,90.51918736,F,4.7,4.25,4,5,3,4,5,5,4,5,5,4,5
89345,FrScA-S216-01,NA,F,NA,NA,NA,NA,NA,NA,NA,NA,NA,NA,NA,NA,NA
89374,FrScA-S216-01,82.39277652,M,3.4,2.5,3.333333333,4,3,2,4,3,4,3,4,3,2
89376,FrScA-S116-03,86.29452055,M,3.6,3.5,4,4,4,3,4,4,4,4,4,4,2
89388,FrScA-S116-03,93.59360731,F,3.8,3,3.666666667,4,3,2,4,3,4,4,4,4,4
89395,PhysA-S116-01,76.875,F,3.7,4,2.8,5,4,4,5,4,4,4,4,NA,4
89425,PhysA-S116-01,92.375,F,4.066666667,3.333333333,3.111111111,5,5,5,5,5,5,4,5,4,5
89435,OcnA-S116-01,93.83249581,F,4.2,4,3.666666667,4,4,4,5,4,3,4,4,4,4
89465,FrScA-S216-01,NA,F,3.6,3,2,4,2,3,4,4,2,3,4,2,2
89487,OcnA-S116-01,81.89782245,F,4.4,3,4,5,4,3,4,4,4,3,4,4,5
89490,PhysA-S116-01,71.59722222,F,5,3.5,4,5,4,3,5,5,4,3,5,4,5
89918,AnPhA-S116-01,75.6416,F,3.7,2.5,2.666666667,4,2,2,4,4,3,3,4,3,4
89994,FrScA-S216-02,90.74492099,F,NA,NA,NA,NA,NA,NA,NA,NA,NA,NA,NA,NA,NA
90029,FrScA-S216-01,68.62302483,F,NA,NA,NA,NA,NA,NA,NA,NA,NA,NA,NA,NA,NA
90090,OcnA-S116-02,96.29815745,F,3.8,3.5,3,4,3,3,4,4,3,4,4,3,3
90095,FrScA-S116-01,73.51598174,F,3.6,4.5,2,5,2,4,1,4,2,5,4,2,4
90097,FrScA-S116-03,76.97031963,M,4.2,3,3.333333333,4,3,3,4,4,4,3,4,3,5
90098,FrScA-S116-03,86.60045662,F,4.8,4.5,4.333333333,5,4,4,5,4,4,5,5,5,5
90253,BioA-S116-01,64.23548387,M,3.9,3,3.5,4,3,2,4,3,5,3,4,4,4
90274,FrScA-S116-03,94.30365297,M,4.8,3.5,4.333333333,5,4,3,5,5,5,4,5,4,4
90277,FrScA-S216-01,91.4221219,F,4.5,3.25,3.833333333,4,2,1,4,4,4,4,4,4,4
90305,AnPhA-S116-01,73.4533328,F,3.8,3.5,3.666666667,4,4,3,4,4,4,4,4,3,3
90326,PhysA-S116-01,77.43055556,F,5,4.5,3.666666667,5,4,4,5,5,3,5,5,4,5
90333,PhysA-S116-01,70.73611111,F,4.8,3.5,2.666666667,4,2,2,5,5,3,5,5,3,5
90370,FrScA-S116-03,63.85159817,M,4.3,4.5,4.166666667,5,5,5,5,5,5,5,5,5,5
90372,FrScA-S116-03,62.73287671,M,5,3.5,4.666666667,5,4,3,5,5,5,4,5,5,5
90394,AnPhA-S116-02,71.832,M,5,5,5,NA,NA,NA,NA,NA,NA,NA,NA,NA,NA
90394,FrScA-S216-01,45.59819413,F,5,5,5,5,5,5,5,5,5,5,5,5,5
90395,AnPhA-S116-02,81.1226672,M,4.2,3.5,4,4,4,4,4,4,4,3,4,4,5
90396,AnPhA-S116-02,79.3941328,F,4.6,3.5,4.666666667,5,5,3,4,4,5,4,5,4,5
90397,AnPhA-S116-02,81.7482672,F,4.5,3.75,3.5,NA,NA,NA,NA,NA,NA,NA,NA,NA,NA
90398,AnPhA-S116-02,94.9274672,M,3.9,3,3.166666667,4,3,2,4,4,4,3,4,3,3
90399,AnPhA-S116-02,88.8896,F,3.4,2,4,4,4,2,3,3,4,2,3,4,4
90430,BioA-S116-01,78.86666667,F,4.5,3.75,3.833333333,4,4,3,4,4,4,4,4,4,4
90433,FrScA-S116-01,91.09589041,F,3.6,2.5,2.666666667,4,3,3,4,3,3,2,4,2,3
90466,BioA-S116-01,82.33333333,F,5,5,5,5,5,5,5,5,5,5,5,5,5
90516,AnPhA-T116-01,73.8816,M,4.5,3.75,3.666666667,4,2,2,4,4,3,3,4,2,4
90562,OcnA-S116-01,77.5561139,F,4.2,4,3.333333333,4,4,4,4,4,4,4,4,2,5
90589,FrScA-S116-03,NA,M,4,3,2.666666667,4,2,3,4,4,4,3,4,2,4
90622,FrScA-S216-01,89.61625282,M,3.8,3,3.666666667,NA,NA,NA,NA,NA,NA,NA,NA,NA,NA
90636,FrScA-S216-01,52.37020316,F,NA,NA,NA,NA,NA,NA,NA,NA,NA,NA,NA,NA,NA
90855,FrScA-S116-03,67.956621,F,4.2,4,3.833333333,4,4,3,5,4,4,3,4,4,4
90861,OcnA-S116-01,89.12897822,M,5,3,2.666666667,5,2,3,5,5,4,3,5,2,5
90878,FrScA-S116-03,88.52054795,M,NA,NA,NA,NA,NA,NA,NA,NA,NA,NA,NA,NA,NA
90928,OcnA-S116-01,74.90954774,F,4.4,3.5,3.666666667,5,4,3,5,4,4,4,4,3,4
90956,AnPhA-S116-02,91.912,F,3.8,3.5,4,4,4,3,4,4,4,4,4,4,3
90971,AnPhA-S116-02,79.84,M,4.5,3.75,4.333333333,4,5,4,5,5,5,4,4,4,5
90989,FrScA-S216-01,88.48758465,F,3.8,3.5,2.666666667,4,2,3,4,4,3,4,3,3,4
90995,AnPhA-S116-02,5.04,F,4.6,4.5,4.333333333,5,4,5,5,5,5,5,5,5,5
90995,BioA-S116-01,0,M,4.6,4.5,4.333333333,4,4,5,4,4,4,3,4,4,5
90996,FrScA-S116-04,NA,M,3,4,4,NA,NA,NA,NA,NA,NA,NA,NA,NA,NA
90996,OcnA-S216-01,1.800670017,M,3,4,4,3,4,3,4,NA,5,5,3,3,2
91030,PhysA-S116-01,92.70833333,F,4,4.5,4,4,4,4,4,4,5,5,4,3,4
91038,PhysA-S116-01,76.13888889,F,4,4.5,4,4,4,4,5,4,4,5,4,4,3
91065,AnPhA-S116-02,60.9642672,F,2.8,3,3.333333333,4,4,2,3,3,4,4,3,2,1
91066,BioA-S116-01,36.34408602,F,3,2.5,3.333333333,NA,NA,NA,NA,NA,NA,NA,NA,NA,NA
91067,BioA-S116-01,99.75806452,F,3.8,3,3.333333333,4,3,3,4,4,4,3,4,3,3
91163,OcnA-S216-02,97.37018425,M,4,4,3.666666667,4,3,3,4,4,5,5,4,3,4
91164,AnPhA-S216-02,90.0016,F,4,3,4,4,4,3,4,4,5,3,4,3,4
91173,FrScA-S116-01,64.38356164,F,NA,NA,NA,NA,NA,NA,NA,NA,NA,NA,NA,NA,NA
91175,AnPhA-S116-02,82.1541328,F,5,3,3.333333333,5,3,3,5,5,4,3,5,3,5
91176,FrScA-S116-04,96.1803653,F,NA,NA,NA,NA,NA,NA,NA,NA,NA,NA,NA,NA,NA
91212,FrScA-S216-01,81.6027088,M,4.8,4,4.333333333,5,4,4,5,4,5,4,5,4,5
91252,OcnA-S216-02,70.21775544,F,4.6,3.5,3.333333333,4,3,3,5,5,3,4,5,4,4
91300,BioA-S116-01,96.26344086,F,3.7,3,3.5,4,3,2,2,2,4,3,4,2,5
91313,AnPhA-S216-01,84.9536,F,4.5,4.25,4.166666667,5,3,3,4,4,4,4,4,3,4
91319,AnPhA-S116-02,84.0224,M,4.2,3,3,4,3,3,4,4,3,3,5,3,4
91320,AnPhA-S116-02,29.6533328,M,2.8,3.5,1.666666667,3,2,3,3,3,1,4,3,2,2
91326,AnPhA-S216-01,47.0544,M,2.4,2.5,3.666666667,3,3,2,2,2,4,3,3,4,2
91326,FrScA-S116-04,65.35388128,F,2.4,2.5,3.666666667,NA,NA,NA,NA,NA,NA,NA,NA,NA,NA
91340,FrScA-S116-02,85.38356164,F,4.4,4.5,3.333333333,5,4,5,5,5,2,4,4,4,3
91351,BioA-S116-01,6.747311828,M,4.4,3.75,3.666666667,5,3,4,4,4,3,4,4,3,4
91410,FrScA-S216-02,61.1738149,F,4.8,3,3.333333333,5,3,3,5,5,4,3,4,3,5
91471,FrScA-S116-01,65.98173516,F,4.1,3.75,4.166666667,4,4,3,4,4,5,5,4,4,5
91477,FrScA-S116-04,90.2283105,F,4.8,4.5,4.333333333,5,5,4,5,4,4,5,5,4,5
91550,FrScA-S216-02,69.97742664,F,4,3.5,3.333333333,4,3,3,4,4,4,4,4,3,4
91574,AnPhA-S116-02,81.8309328,F,4.1,3.5,3.166666667,4,4,3,5,4,4,4,4,3,4
91575,PhysA-S116-01,95.13888889,F,5,4,3.666666667,5,3,4,5,5,5,4,5,3,5
91607,FrScA-S216-02,70.54176072,F,4.7,4.25,3.833333333,5,3,4,5,5,3,5,5,4,5
91611,BioA-S116-01,92.90322581,F,NA,NA,NA,NA,NA,NA,NA,NA,NA,NA,NA,NA,NA
91619,AnPhA-S116-02,35.832,F,4.2,3.75,4,4,2,2,4,4,4,4,4,4,4
91624,BioA-S116-01,78.54946237,M,4.6,3,4,5,4,3,5,4,4,3,4,4,5
91633,PhysA-S116-01,81.52777778,F,4,4,4,4,4,4,4,4,4,4,4,4,4
91634,AnPhA-S116-02,84.9893328,F,5,4,4.333333333,5,4,3,5,5,5,5,5,4,5
91635,OcnA-S116-01,73.48743719,F,4,3,4,4,4,3,4,4,4,3,4,4,4
91672,AnPhA-S116-02,92.8824,F,5,4.5,4.666666667,5,4,4,5,5,5,5,5,5,5
91709,AnPhA-S116-02,87.2928,F,5,3.5,4,5,4,3,5,5,4,4,5,4,5
91771,AnPhA-S116-02,28.48,F,4.6,4,4,4,4,4,4,5,4,4,5,4,5
91818,OcnA-S116-01,96.46231156,F,4.5,3.5,4.166666667,4,2,4,4,4,4,4,4,4,4
91821,PhysA-S116-01,93.95833333,M,3.4,3,4.333333333,3,4,2,3,4,5,4,4,4,3
91932,AnPhA-S116-02,82.6117328,F,5,5,4,5,4,5,5,5,5,5,5,3,5
91943,FrScA-S216-02,91.64785553,M,4,3.5,4,4,4,4,4,4,4,3,4,4,4
92021,OcnA-S116-02,86.76716918,F,4.2,4,4.333333333,5,5,4,4,4,4,4,4,4,4
92124,FrScA-S216-01,75.16930023,F,4,3,3.333333333,4,3,2,5,4,4,4,4,3,3
92143,FrScA-S116-01,93.37899543,F,4.8,4,3.333333333,5,3,3,5,4,3,5,5,4,5
92152,BioA-S116-01,93.48064516,M,4.7,3.25,4,5,3,3,5,5,4,3,4,3,5
92185,AnPhA-S116-02,91.8528,M,4.4,3,3.333333333,4,3,3,5,4,4,3,4,3,5
92214,FrScA-S116-01,84.64611872,F,4.7,4.25,4.333333333,5,5,4,5,4,4,4,4,4,4
92510,BioA-S116-01,91.90860215,F,3.2,2.5,2.333333333,4,3,2,3,3,2,3,4,2,2
92511,PhysA-S116-01,67.49305556,M,4.4,3,4.666666667,5,5,2,5,4,5,4,4,4,4
92604,FrScA-S116-03,7.203196347,M,4.8,3.5,3.833333333,4,3,3,5,5,4,3,5,4,5
92606,BioA-S116-01,5.698924731,F,4.4,3.5,4.166666667,5,5,4,5,5,5,4,5,5,5
92606,BioA-S216-01,0.534759358,F,4.4,3.5,4.166666667,4,3,3,4,3,4,3,4,3,4
92633,BioA-S116-01,3.010752688,F,4,3.5,3,5,3,3,4,4,3,4,4,3,3
92724,PhysA-S116-01,93.88888889,F,3.75,2,3,4,3,2,4,NA,3,NA,4,3,3
92725,PhysA-S116-01,96.59722222,F,3.6,3.5,4,4,4,3,4,4,4,4,4,4,2
92726,PhysA-S116-01,98.19444444,F,4.2,3,4,5,5,3,4,4,4,3,4,3,4
92727,PhysA-S116-01,98.05555556,F,4.2,3.5,4.333333333,4,5,3,5,4,5,4,4,3,4
92729,PhysA-S116-01,94.23611111,F,3.6,3.25,3,3,2,2,4,4,3,4,3,1,2
92732,PhysA-S116-01,92.91666667,F,4.75,3.5,3.666666667,5,3,4,5,4,3,3,5,5,NA
92733,PhysA-S116-01,94.16666667,F,4.6,3.5,3.333333333,5,3,4,5,4,4,3,4,3,5
92740,PhysA-S116-01,98.61111111,F,4,4,2.666666667,4,2,4,4,4,3,4,4,3,4
92741,PhysA-S116-01,98.19444444,F,5,5,4.333333333,5,4,5,5,5,4,5,5,5,5
92743,PhysA-S116-01,92.84722222,F,2,2.5,1.333333333,2,2,3,1,3,1,2,1,1,3
94070,FrScA-S216-01,93.67945824,F,3.4,3,3.666666667,3,2,4,3,4,4,2,3,5,4
94135,FrScA-S216-01,85.89164786,F,4.4,3.75,4.333333333,5,5,4,5,5,5,4,4,4,5
94156,FrScA-S216-01,95.03386005,M,4.1,2.75,3.666666667,4,4,2,4,4,3,3,4,4,4
94172,FrScA-S216-01,90.97065463,F,4.6,3.5,3.666666667,NA,NA,NA,NA,NA,NA,NA,NA,NA,NA
94189,PhysA-S216-01,90.44444444,F,3.6,3.5,4,4,4,5,3,4,4,2,3,4,4
94219,AnPhA-S216-02,NA,M,NA,NA,NA,NA,NA,NA,NA,NA,NA,NA,NA,NA,NA
94240,OcnA-S216-02,87.09380235,F,3.6,2.75,3,4,3,2,4,3,3,2,4,1,2
94246,AnPhA-S216-01,35.692,F,4,4,2,4,2,4,4,4,3,4,4,1,4
94251,PhysA-S216-01,96.94444444,M,4,3.5,3.666666667,4,5,3,4,4,4,4,4,4,5
94257,FrScA-S216-01,90.29345372,M,4.4,3.5,3.666666667,4,4,3,5,4,4,4,4,3,4
94288,FrScA-S216-01,91.87358916,M,NA,NA,NA,NA,NA,NA,NA,NA,NA,NA,NA,NA,NA
94292,FrScA-S216-01,89.05191874,F,5,4.5,4.666666667,5,5,5,5,5,5,4,5,4,5
94319,OcnA-S216-01,56.99497487,F,4.4,4.25,4.166666667,5,5,5,5,5,5,5,5,4,5
94323,OcnA-S216-01,93.96984925,F,3.2,3.5,2.833333333,3,2,4,3,4,4,4,3,4,3
94327,OcnA-S216-02,15.90954774,M,5,4,4.666666667,5,5,3,5,5,5,5,5,4,5
94331,FrScA-S216-01,21.89616253,F,4.8,4,4.5,5,4,3,5,5,5,5,5,5,5
94332,FrScA-S216-01,75.84650113,M,4.2,4,4.5,5,5,4,5,4,5,5,5,5,3
94356,FrScA-S216-01,NA,M,4.1,3.5,3,4,3,4,4,4,3,3,4,3,5
94369,FrScA-S216-03,66.03794643,F,3.6,3.75,3.666666667,4,4,5,4,4,4,4,4,3,4
94370,FrScA-S216-01,94.13092551,F,4.4,4.333333333,4.222222222,4,4,4,5,4,4,4,4,3,4
94376,FrScA-S216-01,93.67945824,F,3.2,2.5,3,3,3,2,3,3,3,3,3,3,4
94400,FrScA-S216-01,85.10158014,M,4.2,3.5,4,4,4,3,5,4,4,4,4,4,4
94402,FrScA-S216-01,92.0993228,F,4.5,4.25,4,4,3,3,4,5,3,5,5,3,5
94404,FrScA-S216-01,83.18284424,F,4.866666667,3.833333333,4,5,5,3,5,5,5,4,5,3,5
94419,FrScA-S216-01,83.74717833,M,4,4,3.333333333,4,3,4,4,4,4,4,4,3,4
94542,AnPhA-S216-02,33.28,M,4,2,4,NA,NA,NA,NA,NA,NA,NA,NA,NA,NA
94545,AnPhA-S216-02,45.4,M,5,5,5,5,5,5,5,5,5,5,5,5,5
94550,AnPhA-S216-02,85.3408,M,4.9,4.25,4.666666667,5,4,4,4,5,5,3,5,4,5
94556,OcnA-S216-02,83.24288107,F,4.4,3.5,4.5,3,4,3,4,4,4,3,4,4,4
94577,OcnA-S216-02,84.79564489,F,4.7,3.75,4.833333333,5,5,5,5,5,5,5,5,5,5
94586,FrScA-S216-01,75.16930023,F,3.6,3,3,4,3,2,4,4,3,4,4,3,2
94590,OcnA-S216-01,75.99497487,F,5,3.5,4.333333333,5,4,3,5,5,5,4,5,4,5
94630,OcnA-S216-01,3.433835846,M,4,3.5,4,4,4,3,4,4,4,4,4,4,4
94654,OcnA-S216-01,81.50753769,F,5,4,5,5,5,5,5,5,5,3,5,5,5
94661,FrScA-S216-01,73.13769752,F,3.5,3,3,4,4,3,4,4,4,4,4,3,4
94691,AnPhA-S216-01,10.6608,F,4,4,4,4,4,4,4,4,4,4,4,4,4
94717,OcnA-S216-01,66.73366834,F,5,3.5,4.666666667,NA,NA,NA,NA,NA,NA,NA,NA,NA,NA
94744,OcnA-S216-01,96.79731993,F,4.888888889,4,4.166666667,5,3,4,5,5,4,4,5,3,4
94756,FrScA-S216-01,68.84875847,F,NA,2,NA,NA,NA,NA,NA,NA,NA,2,NA,NA,NA
94805,AnPhA-S216-01,87.3024,M,4.3,4.333333333,4,5,3,4,5,4,5,5,5,4,4
94824,FrScA-S216-01,96.38826185,M,3.5,3.25,4,4,3,3,2,4,3,5,4,5,4
94846,AnPhA-S216-01,70.4149328,F,3.75,3.666666667,3,4,2,3,4,4,4,3,3,2,3
94869,FrScA-S216-01,40.97065463,F,3.777777778,4.25,3.5,4,3,2,2,4,3,5,4,3,4
94872,AnPhA-S216-01,69.6682672,F,4.25,4,4,4,4,4,4,NA,4,4,5,4,4
94876,OcnA-S216-02,2.931323283,F,3.8,3.5,2.666666667,4,3,3,3,4,3,4,4,2,4
94898,AnPhA-S216-02,73.6608,M,2.2,2.5,1.333333333,NA,NA,NA,NA,NA,NA,NA,NA,NA,NA
94903,AnPhA-S216-02,69.8808,F,5,4.5,4.333333333,5,4,4,5,5,4,4,5,3,5
94956,OcnA-S216-01,55.77554439,M,4,2.5,3.666666667,4,3,2,4,4,4,3,4,4,4
94970,PhysA-S216-01,95.41666667,M,5,4,4,5,4,3,5,5,4,4,5,4,5
95005,FrScA-S216-01,95.03386005,F,4.2,4,3.666666667,4,4,3,5,4,4,5,4,3,4
95014,AnPhA-S216-01,95.6208,M,3.6,3,3.333333333,NA,NA,NA,NA,NA,NA,NA,NA,NA,NA
95017,AnPhA-S216-02,71.52,F,3.9,3.75,3.166666667,3,3,4,3,4,3,3,4,3,4
95041,AnPhA-S216-02,14.5408,M,4.3,4,4.166666667,5,5,5,5,5,5,5,5,4,5
95045,FrScA-S216-01,76.74943567,M,4,3.5,3.333333333,4,4,3,4,4,4,4,4,2,4
95091,OcnA-S216-01,61.04187605,M,4.866666667,4.166666667,4.111111111,5,5,5,5,5,5,5,5,5,5
95114,AnPhA-S216-01,NA,F,5,4.5,2.333333333,5,1,4,5,5,4,5,5,2,NA
95160,AnPhA-S216-02,94.4208,F,NA,NA,NA,NA,NA,NA,NA,NA,NA,NA,NA,NA,NA
95165,FrScA-S216-01,92.0993228,F,5,5,3.666666667,5,2,5,5,5,4,5,5,5,5
95264,AnPhA-S216-02,NA,F,5,4,3.666666667,NA,NA,NA,NA,NA,NA,NA,NA,NA,NA
95266,PhysA-S216-01,90.55555556,M,4.625,4,4,5,4,5,5,5,5,4,5,3,5
95283,AnPhA-S216-01,91.3376,F,4.4,3.5,4,NA,NA,NA,NA,NA,NA,NA,NA,NA,NA
95283,PhysA-S216-01,NA,F,4.4,3.5,4,NA,NA,NA,NA,NA,NA,NA,NA,NA,NA
95360,FrScA-S216-01,91.87358916,F,4.133333333,3.666666667,3.555555556,4,2,3,3,4,3,3,4,2,3
95368,OcnA-S216-02,92.28978224,F,3,3,3.333333333,4,3,3,3,4,4,3,3,3,1
95375,OcnA-S216-02,93.43048576,F,4.6,4.5,4,4,4,4,5,5,4,5,5,4,4
95377,AnPhA-S216-02,76.6304,F,4.6,4.25,4.5,5,5,5,5,5,5,4,5,5,5
95449,FrScA-S216-01,42.0993228,F,4.666666667,4,4.333333333,5,5,4,5,5,5,5,5,4,4
95476,FrScA-S216-02,68.17155756,M,4.1,3.25,3.333333333,4,3,3,5,5,4,5,5,3,4
95485,FrScA-S216-01,36.79458239,F,5,4,3.666666667,5,4,4,5,5,4,4,5,3,5
95504,OcnA-S216-01,42.41541039,F,4.2,4,4.666666667,4,5,3,5,4,5,5,4,4,4
95533,OcnA-S216-01,22.97319933,M,4,4,4.333333333,4,4,4,4,4,5,4,4,4,4
95545,AnPhA-S216-01,72.3008,M,3.2,2.5,3,3,3,2,3,3,3,3,3,3,4
95578,PhysA-S216-01,90.55555556,M,4.1,3.5,2.833333333,5,3,3,5,4,3,4,4,2,3
95594,AnPhA-S216-01,40.4533328,M,4.8,4,4.333333333,5,4,3,5,5,5,5,5,4,4
95601,AnPhA-S216-01,84.4474672,F,4.466666667,3.333333333,4.111111111,5,4,4,5,5,5,4,5,4,5
95618,AnPhA-S216-01,66.7525328,M,4,3.5,4,4,4,3,4,4,4,4,4,4,4
95620,AnPhA-S216-01,72.888,F,4.8,3,3.333333333,4,3,2,5,5,4,4,5,3,5
95621,FrScA-S216-01,95.48532731,F,NA,NA,NA,NA,NA,NA,NA,NA,NA,NA,NA,NA,NA
95624,OcnA-S216-02,87.12730318,F,3.9,3,2.666666667,5,3,2,3,4,3,4,4,3,3
95632,FrScA-S216-01,61.8510158,F,3.8,3.25,4.333333333,5,5,5,1,5,5,3,4,4,4
95633,FrScA-S216-01,66.93002257,M,3.8,3,3,4,3,3,3,4,4,3,4,2,4
95634,AnPhA-S216-01,76.5749312,M,5,4,4.666666667,5,4,3,5,5,5,5,5,5,5
95658,BioA-S216-01,82.29946524,M,3.4,2.5,2.666666667,3,2,2,2,4,3,3,4,3,4
95684,FrScA-S216-01,0.902934537,F,NA,NA,NA,NA,NA,NA,NA,NA,NA,NA,NA,NA,NA
95707,BioA-S216-01,88.57754011,F,3.6,3.25,2.666666667,2,2,2,2,3,3,4,3,1,2
95725,OcnA-S216-01,68.44053601,F,3.8,3.5,2.666666667,4,3,3,4,4,3,4,4,2,3
95726,FrScA-S216-01,94.58239278,F,3.6,4.333333333,3.666666667,NA,NA,NA,NA,NA,NA,4,NA,NA,NA
95738,OcnA-S216-01,NA,F,4.8,4.25,4.333333333,5,5,5,5,5,4,5,5,4,5
95743,FrScA-S216-01,95.93679458,F,4.4,3.75,4.166666667,5,4,4,4,4,4,4,5,5,5
95770,OcnA-S216-01,91.9681742,F,4,4.5,4,4,4,4,4,4,4,5,4,4,4
95868,OcnA-S216-02,39.41038526,M,2.777777778,2.5,2.333333333,3,2,3,3,2,3,2,3,3,3
95896,FrScA-S216-01,75.50790068,M,5,3.5,4,5,4,3,5,5,4,4,5,4,5
95915,AnPhA-S216-01,74.1874672,F,3.4,3,3,3,3,2,4,4,3,4,4,3,2
95919,AnPhA-S216-02,86.5349328,F,4.8,3.5,3.333333333,5,3,3,5,5,4,4,4,3,5
95919,FrScA-S216-02,94.63882619,F,4.8,3.5,3.333333333,NA,NA,NA,NA,NA,NA,NA,NA,NA,NA
95921,OcnA-S216-02,80.97822446,F,5,3,4.333333333,5,4,3,5,5,4,3,5,5,5
95923,FrScA-S216-02,89.61625282,F,4.6,4,4,5,5,5,5,5,5,5,5,5,5
95925,FrScA-S216-02,90.74492099,F,4.2,4.5,4.333333333,4,5,4,5,4,4,5,4,4,4
95957,AnPhA-S216-01,67.9248,F,4.6,4.5,4.5,4,4,4,4,5,4,4,4,4,4
95989,FrScA-S216-01,85.44018059,F,3.6,4.5,3,4,3,4,4,3,3,5,4,3,3
95991,FrScA-S216-01,82.39277652,F,4.866666667,4.166666667,4.333333333,4,4,3,5,4,4,5,5,3,5
96027,PhysA-S216-01,74.47916667,F,NA,NA,NA,NA,NA,NA,NA,NA,NA,NA,NA,NA,NA
96048,FrScA-S216-04,70.85327314,F,3.8,3.5,4.333333333,4,4,3,4,3,4,4,4,5,4
96082,FrScA-S216-02,52.59593679,F,4,2.5,3,4,2,1,4,4,4,4,4,3,4
96090,PhysA-S216-01,11.02777778,F,5,4,3.333333333,5,3,4,5,5,3,4,5,4,5
96121,OcnA-S216-01,81.28643216,F,3.4,3.5,2,4,2,3,4,4,3,4,3,1,2
96134,FrScA-S216-02,89.72911964,F,4,3.5,4,NA,NA,NA,NA,NA,NA,NA,NA,NA,NA
96142,FrScA-S216-02,90.85778781,F,4.5,4.25,4.5,4,3,4,4,5,5,4,4,5,5
96189,FrScA-S216-02,88.48758465,M,3,3,3,3,3,2,4,2,3,4,3,3,3
96228,AnPhA-S216-01,91.064,M,NA,NA,NA,NA,NA,NA,NA,NA,NA,NA,NA,NA,NA
96280,FrScA-S216-02,81.03837472,M,NA,NA,NA,NA,NA,NA,NA,NA,NA,NA,NA,NA,NA
96345,OcnA-S216-01,63.14572864,M,NA,NA,NA,NA,NA,NA,NA,NA,NA,NA,NA,NA,NA
96373,OcnA-S216-01,80.27303183,M,5,4.5,4.333333333,5,5,4,5,5,4,5,5,4,5
96374,OcnA-S216-01,77.15242881,F,4.4,4,4,5,4,3,5,5,4,5,5,NA,2
96412,OcnA-S216-01,72.41373534,M,3.8,4,3.333333333,4,3,3,4,4,4,5,4,3,3
96414,FrScA-S216-02,61.62528217,F,4.8,4.5,4,5,4,4,5,4,4,5,5,4,5
96433,FrScA-S216-02,93.4537246,F,4.25,4,3.333333333,5,3,3,4,NA,3,5,4,4,4
96472,PhysA-S216-01,62.20833333,F,5,4,5,5,5,4,5,5,5,4,5,5,5
96590,PhysA-S216-01,15.41666667,F,5,4.75,4.666666667,5,5,5,5,5,5,5,5,5,5
96640,AnPhA-S216-01,6.336,F,4.6,3.5,2.666666667,NA,NA,NA,NA,NA,NA,NA,NA,NA,NA
96671,OcnA-S216-01,32.7001675,M,NA,NA,NA,NA,NA,NA,NA,NA,NA,NA,NA,NA,NA
96677,AnPhA-S216-01,5.2,F,4,3.5,4,4,4,3,4,4,4,4,4,4,4
96680,AnPhA-S216-01,52.5504,F,4.4,4,4.333333333,5,4,3,5,4,5,5,4,4,4
96689,OcnA-S216-01,82.66834171,F,4,3,3,4,3,3,4,4,3,3,4,3,4
96690,AnPhA-S216-01,64.8128,F,3.8,2.5,3.333333333,4,3,2,5,4,4,3,4,3,2
96720,AnPhA-S216-01,7.88,F,4.8,4.5,5,5,5,4,4,5,5,5,5,5,5
96756,OcnA-S216-01,91.13902848,F,4,3,2.666666667,4,3,3,4,3,3,3,4,2,5
96769,FrScA-S216-02,59.59367946,F,NA,NA,NA,NA,NA,NA,NA,NA,NA,NA,NA,NA,NA
96808,PhysA-S216-01,93.75,M,NA,NA,NA,NA,NA,NA,NA,NA,NA,NA,NA,NA,NA
96826,AnPhA-S216-02,88.408,F,NA,NA,NA,NA,NA,NA,NA,NA,NA,NA,NA,NA,NA
96841,FrScA-S216-02,92.55079007,F,4.6,3.5,3.833333333,5,5,4,4,4,4,4,5,3,4
96853,AnPhA-S216-01,85.4277328,F,NA,NA,NA,NA,NA,NA,NA,NA,NA,NA,NA,NA,NA
96854,AnPhA-S216-01,85.1189328,F,4.3,4.5,3.5,4,4,5,5,4,3,5,4,3,4
96856,OcnA-S216-01,13.02847571,M,4,3.25,3.833333333,4,3,3,4,4,4,3,4,4,4
96867,PhysA-S216-01,90.625,F,4,3,4,4,4,3,4,4,4,NA,4,4,4
96871,AnPhA-S216-02,81.1482656,M,NA,NA,NA,NA,NA,NA,NA,NA,NA,NA,NA,NA,NA
96950,BioA-S216-01,91.81818182,F,4.222222222,3,3.5,4,3,2,4,4,3,4,4,3,2
96959,AnPhA-S216-01,67.6608,F,NA,NA,NA,NA,NA,NA,NA,NA,NA,NA,NA,NA,NA
96994,AnPhA-S216-01,86.8074672,F,4,3.5,4.666666667,4,5,3,4,4,5,4,4,4,4
97006,OcnA-S216-01,68.15075377,F,4.8,5,3.666666667,5,4,5,5,5,4,5,5,3,4
97150,PhysA-S216-01,62.54861111,F,NA,NA,NA,NA,NA,NA,NA,NA,NA,NA,NA,NA,NA
97265,PhysA-S216-01,84.56944444,F,3.8,3.5,4,4,4,3,4,3,4,4,4,4,4
97272,OcnA-S216-01,84.23953247,F,4.4,3,5,5,5,3,5,4,5,3,5,5,3
97374,BioA-S216-01,12.35294118,F,NA,NA,NA,NA,NA,NA,NA,NA,NA,NA,NA,NA,NA
97386,BioA-S216-01,54.15828877,F,3.8,3,3.666666667,4,4,3,4,4,4,3,4,3,3
97441,FrScA-S216-02,23.13769752,F,4.4,4,2,4,2,3,5,4,2,5,5,2,4