"","student_id","subject","semester","section","total_points_possible","total_points_earned","proportion_earned"
"1",43146,"FrScA","S216","02",1217,1150,94.4946589975349
"2",44638,"OcnA","S116","01",1676,1384.23,82.5912887828162
"3",47448,"FrScA","S216","01",1232,1116,90.5844155844156
"4",47979,"OcnA","S216","01",1833,1492.73,81.4364429896345
"5",48797,"PhysA","S116","01",2225,1994.75,89.6516853932584
"6",51943,"FrScA","S216","03",1222,70,5.72831423895254
"7",52326,"AnPhA","S216","01",1775,1518.50999,85.5498585915493
"8",52446,"PhysA","S116","01",2225,2198,98.7865168539326
"9",53447,"FrScA","S116","01",1212,1173,96.7821782178218
"10",53475,"FrScA","S116","02",1212,0,0
"11",53475,"FrScA","S216","01",1232,1014,82.3051948051948
"12",54066,"OcnA","S116","01",1676,1594.73,95.1509546539379
"13",54282,"OcnA","S116","02",1676,1586.65,94.6688544152745
"14",54342,"OcnA","S116","02",1676,1244.45,74.2511933174224
"15",54346,"OcnA","S116","01",1676,902.07,53.8227923627685
"16",54434,"PhysA","S116","01",2225,2053.15,92.276404494382
"17",54567,"OcnA","S216","02",1676,1092.04,65.1575178997613
"18",55078,"FrScA","S216","01",1232,1204,97.7272727272727
"19",55140,"PhysA","S116","01",2225,1661.45,74.6719101123596
"20",55283,"FrScA","S116","01",1212,110,9.07590759075908
"21",56152,"AnPhA","S116","02",1775,1706.38,96.1340845070423
"22",57188,"AnPhA","S116","02",1775,1511.14,85.134647887324
"23",57188,"FrScA","S216","01",1232,947,76.8668831168831
"24",57224,"FrScA","S116","03",1212,1059.97,87.4562706270627
"25",57489,"PhysA","S116","01",2225,2140,96.1797752808989
"26",57981,"OcnA","S116","01",1676,1340.63,79.9898568019093
"27",58168,"AnPhA","S216","01",1775,1732.52,97.6067605633803
"28",58178,"OcnA","S116","01",1676,1580.29,94.2893794749403
"29",60186,"AnPhA","S116","01",1775,1674.73,94.350985915493
"30",61357,"FrScA","S116","02",1212,0,0
"31",61941,"FrScA","S116","01",1212,1150,94.8844884488449
"32",61965,"BioA","S116","01",2420,1865.13,77.0714876033058
"33",62157,"FrScA","S116","02",1212,909.73,75.0602310231023
"34",62175,"OcnA","S216","01",1833,1341.52,73.1871249318058
"35",62576,"PhysA","S116","01",2225,2108,94.7415730337079
"36",62752,"PhysA","S116","01",2225,2099.8,94.3730337078652
"37",62754,"PhysA","S116","01",2225,2140.65,96.2089887640449
"38",64930,"FrScA","T116","01",1212,1045.19,86.236798679868
"39",65116,"FrScA","S216","01",1232,1158,93.9935064935065
"40",65627,"AnPhA","S116","02",1775,1473.765,83.0290140845071
"41",66508,"AnPhA","T116","01",1775,0,0
"42",66508,"PhysA","T116","01",2225,2097.5,94.2696629213483
"43",66689,"FrScA","S216","01",1232,1218,98.8636363636364
"44",66693,"AnPhA","S116","01",1775,1674.25,94.3239436619718
"45",66740,"OcnA","S116","01",1676,1663,99.2243436754177
"46",66811,"AnPhA","S116","01",1775,1633.15,92.0084507042254
"47",66862,"AnPhA","S116","01",1775,1118.57333,63.0182157746479
"48",67013,"AnPhA","S216","01",1775,871.25,49.0845070422535
"49",67102,"PhysA","S216","01",2225,2028.5,91.1685393258427
"50",67463,"FrScA","S216","01",1232,1118,90.7467532467532
"51",67508,"AnPhA","S116","01",1775,1528.34333,86.1038495774648
"52",67762,"FrScA","S116","02",1212,1019.15,84.0882838283828
"53",67920,"OcnA","S116","01",1676,1572.45,93.8215990453461
"54",68022,"OcnA","S216","01",1833,1683.91,91.8663393344244
"55",68188,"FrScA","S116","01",1212,1132,93.3993399339934
"56",68476,"OcnA","S116","02",1676,1588.29,94.7667064439141
"57",68598,"BioA","S116","01",2420,2120.61,87.6285123966942
"58",68768,"FrScA","S116","02",1212,815.95,67.3226072607261
"59",68795,"FrScA","S216","01",1232,1083,87.9058441558442
"60",69072,"FrScA","S116","01",1212,1145,94.4719471947195
"61",69182,"FrScA","S216","01",1232,1133,91.9642857142857
"62",69397,"FrScA","S216","01",1232,1170,94.9675324675325
"63",69544,"FrScA","S216","04",1217,1152.75,94.7206244864421
"64",69743,"AnPhA","S216","01",1775,1579.25666,88.9722061971831
"65",69937,"BioA","S116","01",2420,0,0
"66",70037,"FrScA","S116","01",1212,1139,93.976897689769
"67",70068,"FrScA","S116","03",1212,1164.75,96.1014851485149
"68",70187,"PhysA","S216","01",2225,1961,88.1348314606741
"69",70192,"AnPhA","S116","02",1775,1721.08333,96.9624411267606
"70",70408,"BioA","S116","01",2420,2198.5,90.8471074380165
"71",70532,"AnPhA","S116","01",1775,1673.62,94.2884507042253
"72",70681,"BioA","S116","01",2420,2198.05,90.8285123966942
"73",71110,"FrScA","S216","01",1232,1092,88.6363636363636
"74",71415,"FrScA","S216","01",1232,278,22.5649350649351
"75",71434,"BioA","S116","01",2420,2015.32,83.2776859504132
"76",71725,"AnPhA","S216","01",1775,1385.31333,78.0458214084507
"77",72287,"FrScA","T116","01",1212,1106.9,91.3283828382838
"78",73132,"FrScA","S116","03",1212,1083.63,89.4084158415842
"79",74551,"PhysA","S116","01",2225,1605.09,72.1388764044944
"80",74552,"AnPhA","S216","02",1775,1724,97.1267605633803
"81",76132,"AnPhA","T116","01",1775,1711.74,96.4360563380282
"82",76133,"PhysA","S116","01",2225,2089.2,93.8966292134831
"83",76426,"PhysA","S116","01",2225,2159,97.0337078651685
"84",76443,"OcnA","S216","01",1833,749.05,40.8647026732133
"85",76673,"AnPhA","S216","01",1775,1672.75,94.2394366197183
"86",76674,"AnPhA","S216","01",1775,1705.6,96.0901408450704
"87",76840,"AnPhA","S216","01",1655,1269.085,76.6818731117825
"88",76840,"FrScA","S116","01",1212,1128,93.0693069306931
"89",76891,"OcnA","S116","01",1676,1536.56,91.6801909307876
"90",76930,"AnPhA","S116","02",1775,1480.68,83.4185915492958
"91",76998,"AnPhA","S216","01",1775,835.54666,47.0730512676056
"92",77010,"AnPhA","S116","01",1775,1321.61667,74.4572771830986
"93",77067,"FrScA","S216","02",1217,100,8.21692686935086
"94",77141,"FrScA","S216","02",1217,1060.5,87.1405094494659
"95",77169,"BioA","S116","01",2420,2321,95.9090909090909
"96",77190,"FrScA","S216","01",1232,1135,92.1266233766234
"97",77246,"FrScA","S116","01",1212,1071,88.3663366336634
"98",77298,"FrScA","S116","02",1212,956.49,78.9183168316832
"99",77976,"FrScA","S116","03",1212,1095.12,90.3564356435644
"100",77980,"FrScA","S216","02",1217,1154,94.823336072309
"101",78000,"FrScA","S216","01",1232,1120,90.9090909090909
"102",78002,"OcnA","S216","02",1676,1288.92,76.9045346062052
"103",78153,"PhysA","S216","01",2225,2216,99.5955056179775
"104",78164,"AnPhA","S216","01",1775,1396.97,78.7025352112676
"105",78241,"OcnA","S216","02",1676,1040,62.0525059665871
"106",78691,"FrScA","S116","03",1212,1154,95.2145214521452
"107",79128,"PhysA","S116","01",2225,2142.6,96.2966292134831
"108",79220,"AnPhA","S116","02",1775,1642.38,92.5284507042254
"109",79352,"PhysA","S116","01",2225,2145.5,96.4269662921348
"110",79596,"PhysA","S116","01",2225,2073.5,93.1910112359551
"111",79859,"AnPhA","T116","01",1775,1336.61,75.3019718309859
"112",79893,"OcnA","T116","01",1676,1583.81,94.4994033412888
"113",80822,"OcnA","S216","01",1833,1667.3,90.9601745771959
"114",84632,"PhysA","T116","01",2225,2181,98.0224719101124
"115",84640,"AnPhA","T116","01",1775,1541.18,86.8270422535211
"116",84641,"AnPhA","T116","01",1775,1553.53666,87.5231921126761
"117",84645,"OcnA","T116","01",1676,450.6,26.8854415274463
"118",84684,"OcnA","T116","01",1676,1546.39,92.2667064439141
"119",84685,"OcnA","T116","01",1676,1394.41,83.1986873508353
"120",84749,"AnPhA","T116","01",1775,1552.97,87.4912676056338
"121",84757,"AnPhA","T116","01",1775,1586.525,89.3816901408451
"122",84794,"BioA","T116","01",2420,1697.03,70.1252066115702
"123",84932,"OcnA","S216","01",1833,1619.72,88.3644298963448
"124",85123,"FrScA","S216","01",1232,1041,84.4967532467532
"125",85248,"AnPhA","S216","01",1775,1680.80333,94.6931453521127
"126",85249,"AnPhA","S116","01",1775,1602.96,90.3076056338028
"127",85258,"FrScA","S116","02",1212,0,0
"128",85258,"FrScA","S216","01",1232,1097,89.0422077922078
"129",85287,"FrScA","S216","01",1232,1170,94.9675324675325
"130",85292,"BioA","S116","01",2420,2267.85,93.7128099173554
"131",85323,"FrScA","S116","01",1212,301,24.8349834983498
"132",85348,"FrScA","S216","03",1222,973.85,79.6931260229133
"133",85355,"OcnA","S116","01",1676,471.2,28.1145584725537
"134",85390,"PhysA","S116","01",2225,110,4.9438202247191
"135",85410,"OcnA","S116","02",1676,1572.5,93.8245823389021
"136",85411,"AnPhA","S116","01",1775,1631.98333,91.9427228169014
"137",85416,"FrScA","S116","01",1212,1157,95.4620462046205
"138",85431,"FrScA","S116","01",1212,1124,92.7392739273927
"139",85432,"FrScA","S116","01",1212,788,65.016501650165
"140",85433,"FrScA","S116","01",1212,913,75.3300330033003
"141",85443,"FrScA","S116","01",1212,1047,86.3861386138614
"142",85482,"OcnA","S116","02",1676,1443.32,86.1169451073986
"143",85487,"OcnA","S116","02",1676,0,0
"144",85522,"PhysA","S116","01",2225,2200,98.876404494382
"145",85539,"FrScA","S116","01",1212,1092,90.0990099009901
"146",85567,"FrScA","S116","02",1212,876.62,72.3283828382838
"147",85573,"FrScA","S116","03",1212,917.68,75.7161716171617
"148",85574,"FrScA","S116","03",1212,1177.13,97.1229372937294
"149",85579,"FrScA","S116","01",1212,1175,96.947194719472
"150",85583,"AnPhA","S116","01",1775,1633.10333,92.0058214084507
"151",85583,"FrScA","S216","01",1232,1116,90.5844155844156
"152",85642,"FrScA","S216","01",1232,1049,85.1461038961039
"153",85644,"FrScA","S216","01",1232,1062,86.2012987012987
"154",85644,"OcnA","S116","01",1676,1360.35,81.1664677804296
"155",85649,"FrScA","S116","01",1212,1043,86.056105610561
"156",85650,"FrScA","S116","01",1212,1221,100.742574257426
"157",85651,"FrScA","S116","01",1212,837.75,69.1212871287129
"158",85659,"FrScA","S116","01",1212,0,0
"159",85659,"FrScA","S216","01",1232,920,74.6753246753247
"160",85661,"FrScA","S116","02",1212,1066.33,87.9810231023102
"161",85662,"FrScA","S116","01",1212,75,6.18811881188119
"162",85663,"FrScA","S116","01",1212,785,64.7689768976898
"163",85665,"FrScA","S116","01",1212,1181,97.4422442244225
"164",85668,"FrScA","S116","01",1212,735,60.6435643564356
"165",85698,"FrScA","S116","02",1212,559.5,46.1633663366337
"166",85700,"FrScA","S116","03",1212,1092.53,90.1427392739274
"167",85701,"FrScA","S116","03",1212,1121.15,92.5041254125413
"168",85702,"FrScA","S116","03",1212,1067.04,88.039603960396
"169",85704,"FrScA","S116","03",1212,960,79.2079207920792
"170",85791,"FrScA","S116","01",1212,1185,97.7722772277228
"171",85792,"FrScA","S116","01",1212,1091,90.016501650165
"172",85796,"FrScA","S216","01",1232,1126,91.3961038961039
"173",85865,"AnPhA","S116","01",1775,959.91333,54.0796242253521
"174",85866,"AnPhA","S116","01",1775,1373.36,77.3723943661972
"175",85867,"FrScA","S216","04",1217,1073.26,88.1889893179951
"176",85889,"BioA","S116","01",2420,326,13.4710743801653
"177",85891,"FrScA","S116","03",1212,1054.02,86.9653465346535
"178",85929,"FrScA","S116","01",1212,1051,86.7161716171617
"179",85930,"FrScA","S116","01",1212,1034,85.3135313531353
"180",85953,"PhysA","S116","01",2225,2154,96.8089887640449
"181",85962,"PhysA","S116","01",2225,1986.8,89.2943820224719
"182",85970,"AnPhA","S116","01",1775,1538.4,86.6704225352113
"183",86002,"FrScA","S216","04",1217,1112.35,91.4009860312243
"184",86067,"BioA","S116","01",2420,2200.8,90.9421487603306
"185",86072,"AnPhA","S116","01",1775,1682.97,94.8152112676056
"186",86105,"FrScA","S116","01",1212,1113,91.8316831683168
"187",86110,"BioA","S116","01",2420,1784.76,73.7504132231405
"188",86113,"BioA","S116","01",2420,1850.55,76.4690082644628
"189",86119,"AnPhA","S116","01",1775,1311.62,73.8940845070423
"190",86130,"BioA","S116","01",2420,1629.24,67.3239669421488
"191",86133,"OcnA","S116","02",1676,1367.56,81.5966587112172
"192",86202,"BioA","S116","01",2420,1190.39,49.1896694214876
"193",86216,"BioA","S116","01",2420,2226.61,92.0086776859504
"194",86229,"FrScA","S216","01",1232,1050,85.2272727272727
"195",86240,"OcnA","S216","01",1833,1318.05,71.9067103109656
"196",86251,"FrScA","S216","01",1232,914,74.1883116883117
"197",86267,"AnPhA","S116","01",1775,776.77,43.7616901408451
"198",86268,"AnPhA","S216","01",1775,1686.26667,95.0009391549296
"199",86271,"FrScA","S116","01",1212,1193,98.4323432343234
"200",86275,"AnPhA","S116","01",1775,1680.88,94.6974647887324
"201",86277,"AnPhA","S116","01",1775,1616.36666,91.0629104225352
"202",86280,"FrScA","S116","01",1212,1048,86.4686468646865
"203",86286,"AnPhA","S116","01",1775,1726.25,97.2535211267606
"204",86294,"AnPhA","S116","01",1775,1514.66667,85.3333335211268
"205",86296,"OcnA","S216","01",1833,1328.54,72.4789961811238
"206",86309,"FrScA","S116","03",1212,853.73,70.4397689768977
"207",86314,"AnPhA","S116","02",1775,1486.01333,83.7190608450704
"208",86339,"FrScA","S116","01",1212,1125,92.8217821782178
"209",86340,"FrScA","S116","01",1212,1173,96.7821782178218
"210",86340,"OcnA","S216","01",1833,358.75,19.5717403164212
"211",86349,"FrScA","S216","01",1232,1100,89.2857142857143
"212",86349,"OcnA","S116","01",1676,1564.96,93.3747016706444
"213",86353,"PhysA","S116","01",2225,1898.7,85.3348314606742
"214",86364,"FrScA","S116","01",1212,979,80.7755775577558
"215",86365,"FrScA","S116","01",1212,1197,98.7623762376238
"216",86429,"AnPhA","S116","01",1775,1604.61,90.4005633802817
"217",86432,"AnPhA","S116","01",1775,1330.71333,74.9697650704225
"218",86446,"AnPhA","S116","01",1775,1560.63,87.9228169014085
"219",86451,"AnPhA","S116","01",1775,1692.77,95.367323943662
"220",86455,"FrScA","S116","01",1212,1107,91.3366336633663
"221",86455,"OcnA","S216","01",1833,1689,92.1440261865794
"222",86460,"OcnA","S116","01",1676,1515.73,90.4373508353222
"223",86476,"AnPhA","S116","01",1775,1656.06166,93.2992484507042
"224",86476,"FrScA","S116","01",1212,1161,95.7920792079208
"225",86479,"AnPhA","S116","01",1775,1653.81667,93.1727701408451
"226",86484,"AnPhA","S116","01",1775,1496.61,84.3160563380282
"227",86488,"AnPhA","S116","01",1775,1583.005,89.1833802816901
"228",86490,"FrScA","S216","01",1232,1155,93.75
"229",86492,"AnPhA","S116","01",1775,708.275,39.9028169014085
"230",86504,"AnPhA","S116","01",1775,1328.37,74.8377464788732
"231",86515,"FrScA","S216","01",1232,1066,86.525974025974
"232",86527,"OcnA","S216","01",1833,1497.23,81.6819421713039
"233",86543,"FrScA","S116","01",1212,977,80.6105610561056
"234",86580,"BioA","S116","01",2420,1941.75,80.2376033057851
"235",86588,"AnPhA","S116","01",1775,534,30.0845070422535
"236",86608,"AnPhA","S116","01",1775,1404.09,79.103661971831
"237",86618,"FrScA","S116","03",1212,653.11,53.8869636963696
"238",86627,"FrScA","S116","02",1212,745.73,61.5288778877888
"239",86679,"FrScA","S116","01",1212,1161,95.7920792079208
"240",86689,"OcnA","S116","02",1676,1316.2,78.5322195704057
"241",86697,"OcnA","S216","02",1676,1472.37,87.8502386634845
"242",86707,"AnPhA","S116","02",1775,1562.85334,88.0480754929578
"243",86709,"FrScA","S116","01",1212,1173,96.7821782178218
"244",86758,"OcnA","S116","01",1676,1603.7,95.6861575178998
"245",86792,"FrScA","S116","01",1212,1201,99.0924092409241
"246",86793,"FrScA","S116","01",1212,1181,97.4422442244225
"247",86794,"FrScA","S116","01",1212,1113,91.8316831683168
"248",86803,"FrScA","S116","01",1212,1088,89.7689768976898
"249",86815,"FrScA","S116","01",1212,1026,84.6534653465346
"250",86836,"FrScA","S216","01",1232,1120,90.9090909090909
"251",86836,"OcnA","S116","01",1676,50,2.98329355608592
"252",86882,"FrScA","S116","03",1212,995,82.0957095709571
"253",86942,"AnPhA","S216","01",1775,1515.7,85.3915492957747
"254",86943,"OcnA","S116","01",1676,1218.07,72.6772076372315
"255",87001,"OcnA","S116","02",1676,1300.25,77.5805489260143
"256",87010,"FrScA","S116","01",1212,1080,89.1089108910891
"257",87020,"FrScA","S216","01",1232,922.5,74.8782467532468
"258",87027,"FrScA","S116","01",1212,932,76.8976897689769
"259",87043,"AnPhA","S116","01",1775,1639.47,92.3645070422535
"260",87081,"BioA","S116","01",2420,311.25,12.8615702479339
"261",87093,"FrScA","S116","01",1212,860,70.957095709571
"262",87122,"OcnA","S116","02",1676,230,13.7231503579952
"263",87163,"FrScA","S116","01",1212,1041,85.8910891089109
"264",87166,"AnPhA","S116","01",1775,1413.97333,79.6604692957746
"265",87171,"PhysA","S116","01",2225,2182,98.0674157303371
"266",87209,"OcnA","S116","02",1676,1443.85,86.1485680190931
"267",87484,"FrScA","S116","01",1212,1131,93.3168316831683
"268",87485,"FrScA","S116","01",1212,922,76.0726072607261
"269",87489,"FrScA","S116","01",1212,983,81.1056105610561
"270",87504,"FrScA","S116","01",1212,835,68.8943894389439
"271",87552,"BioA","S116","01",2420,2220,91.7355371900827
"272",87579,"FrScA","S116","01",1212,1175,96.947194719472
"273",87670,"OcnA","S216","01",1833,1369.52,74.7146753955265
"274",87689,"BioA","T116","01",2420,1996.15,82.4855371900827
"275",87693,"FrScA","T116","01",1212,1090.47,89.9727722772277
"276",87805,"FrScA","S116","01",1212,1179,97.2772277227723
"277",87825,"OcnA","S216","01",1833,1726.28,94.177850518276
"278",87861,"FrScA","S216","01",1232,1182,95.9415584415584
"279",87865,"AnPhA","T116","01",1775,1500.51333,84.5359622535211
"280",87866,"FrScA","T116","01",1212,1144.42,94.4240924092409
"281",87905,"FrScA","S116","01",1212,1149,94.8019801980198
"282",87906,"FrScA","S116","01",1212,1007,83.0858085808581
"283",87914,"FrScA","S116","01",1212,1149,94.8019801980198
"284",87927,"FrScA","S116","01",1212,977,80.6105610561056
"285",87955,"OcnA","T116","01",1676,1403.75,83.7559665871122
"286",87970,"OcnA","S116","01",1676,1472.12,87.8353221957041
"287",87988,"FrScA","S216","02",1217,40,3.28677074774035
"288",88048,"FrScA","S216","02",1217,1134,93.1799506984388
"289",88050,"AnPhA","S116","01",1775,1270.30666,71.5665723943662
"290",88068,"AnPhA","S116","01",1775,1275.17667,71.8409391549296
"291",88075,"FrScA","S116","04",1212,1004.73,82.8985148514851
"292",88091,"PhysA","S116","01",2225,2169.8,97.5191011235955
"293",88099,"AnPhA","S116","01",1775,1484.45166,83.6310794366197
"294",88153,"AnPhA","S116","01",1775,1646.79,92.7769014084507
"295",88166,"OcnA","S116","02",1676,1439.77,85.9051312649165
"296",88168,"OcnA","S116","02",1676,1607.2,95.8949880668258
"297",88261,"FrScA","S116","01",1212,1205,99.4224422442244
"298",88282,"OcnA","T116","01",1676,1556.4,92.8639618138425
"299",88296,"PhysA","S116","01",2225,1372.8,61.6988764044944
"300",88307,"OcnA","S116","03",1480,871.63,58.8939189189189
"301",88311,"FrScA","S216","04",1217,1147.75,94.3097781429745
"302",88340,"OcnA","T116","01",1676,1216.68,72.5942720763723
"303",88381,"PhysA","S116","01",2225,2188,98.3370786516854
"304",88409,"FrScA","S116","03",1212,919.54,75.8696369636964
"305",88440,"AnPhA","S216","01",1775,1542.94,86.9261971830986
"306",88440,"OcnA","S116","01",1676,1364.64,81.4224343675418
"307",88474,"OcnA","S216","01",1833,1109.4,60.5237315875614
"308",88481,"PhysA","S116","01",2225,895,40.2247191011236
"309",88493,"FrScA","S116","01",1212,75,6.18811881188119
"310",88501,"FrScA","S116","01",1212,1015,83.7458745874587
"311",88504,"OcnA","S216","01",1833,85,4.63720676486634
"312",88527,"FrScA","S116","01",1212,1141,94.1419141914191
"313",88568,"BioA","S116","01",2420,1035.16,42.7752066115702
"314",88568,"BioA","S216","01",2425,0,0
"315",88596,"FrScA","S216","01",1232,1129,91.6396103896104
"316",88612,"AnPhA","S216","01",1775,1453.4,81.8816901408451
"317",88636,"FrScA","S116","03",1212,908.02,74.9191419141914
"318",88641,"AnPhA","S116","01",1775,1550.88,87.3735211267606
"319",88642,"OcnA","S216","02",1676,1466.69,87.5113365155131
"320",88703,"OcnA","T116","01",1676,718.91,42.8943914081146
"321",88803,"OcnA","S216","02",1676,1208.74,72.1205250596659
"322",88835,"FrScA","S116","03",1212,1027.35,84.7648514851485
"323",88836,"FrScA","S116","03",1212,821.27,67.7615511551155
"324",88845,"FrScA","S216","01",1232,1124.5,91.2743506493506
"325",88849,"OcnA","S216","01",1833,1641.93,89.5761047463175
"326",88854,"FrScA","S216","01",1232,882.5,71.6314935064935
"327",88854,"OcnA","S116","01",1676,1333.13,79.5423627684964
"328",88864,"OcnA","S216","02",1676,1222.72,72.9546539379475
"329",88868,"FrScA","S116","03",1212,927.33,76.5123762376238
"330",88874,"FrScA","S116","03",1212,223.25,18.4199669966997
"331",88886,"FrScA","S116","03",1212,964.72,79.5973597359736
"332",88979,"AnPhA","S216","02",1775,431.5,24.3098591549296
"333",88995,"AnPhA","T116","01",1775,1561.865,87.9923943661972
"334",89005,"AnPhA","T116","01",1775,1593.39,89.7684507042254
"335",89114,"OcnA","S116","01",1676,1595.85,95.2177804295943
"336",89128,"FrScA","S116","01",1212,1072,88.4488448844885
"337",89142,"AnPhA","S116","01",1775,1704.83,96.0467605633803
"338",89144,"FrScA","S116","03",1212,1115.45,92.0338283828383
"339",89165,"FrScA","S116","03",1212,1119.5,92.3679867986799
"340",89168,"FrScA","S116","03",1212,25,2.06270627062706
"341",89194,"AnPhA","S116","01",1775,1511.43333,85.1511735211268
"342",89295,"PhysA","S116","01",2225,1737,78.0674157303371
"343",89300,"BioA","S116","01",2420,1450.75,59.948347107438
"344",89333,"FrScA","S216","01",1232,1116,90.5844155844156
"345",89345,"FrScA","S216","01",1232,40,3.24675324675325
"346",89374,"FrScA","S216","01",1232,1027,83.3603896103896
"347",89376,"FrScA","S116","03",1212,1111.1,91.6749174917492
"348",89388,"FrScA","S116","03",1212,1139.83,94.0453795379538
"349",89395,"PhysA","S116","01",2225,1889.5,84.9213483146067
"350",89425,"PhysA","S116","01",2225,2036.3,91.5191011235955
"351",89435,"OcnA","S116","01",1676,1600.66,95.5047732696897
"352",89465,"FrScA","S216","01",1232,0,0
"353",89487,"OcnA","S116","01",1676,1436.27,85.6963007159904
"354",89490,"PhysA","S116","01",2225,1684,75.685393258427
"355",89918,"AnPhA","S116","01",1775,1381.53,77.832676056338
"356",89994,"FrScA","S216","02",1217,1114,91.5365653245686
"357",90029,"FrScA","S216","01",1232,827,67.1266233766234
"358",90090,"OcnA","S116","02",1676,1627.4,97.1002386634845
"359",90095,"FrScA","S116","01",1212,1005,82.9207920792079
"360",90097,"FrScA","S116","03",1212,927.08,76.4917491749175
"361",90098,"FrScA","S116","03",1212,1054.18,86.9785478547855
"362",90253,"BioA","S116","01",2420,1640.41,67.7855371900826
"363",90274,"FrScA","S116","03",1212,1145.45,94.5090759075908
"364",90277,"FrScA","S216","01",1232,1122,91.0714285714286
"365",90305,"AnPhA","S116","01",1775,1323.86666,74.5840371830986
"366",90326,"PhysA","S116","01",2225,1892.5,85.0561797752809
"367",90333,"PhysA","S116","01",2225,1585.2,71.2449438202247
"368",90370,"FrScA","S116","03",1212,788.35,65.0453795379538
"369",90372,"FrScA","S116","03",1212,774.69,63.9183168316832
"370",90394,"AnPhA","S116","02",1775,1374.84,77.4557746478873
"371",90394,"FrScA","S216","01",1232,719,58.3603896103896
"372",90395,"AnPhA","S116","02",1775,1506.96667,84.8995307042254
"373",90396,"AnPhA","S116","02",1775,1446.21333,81.4768073239437
"374",90397,"AnPhA","S116","02",1775,1555.68667,87.6443194366197
"375",90398,"AnPhA","S116","02",1775,1699.55667,95.7496715492958
"376",90399,"AnPhA","S116","02",1775,1625.98,91.6045070422535
"377",90430,"BioA","S116","01",2420,1861.08,76.904132231405
"378",90433,"FrScA","S116","01",1212,1078,88.943894389439
"379",90466,"BioA","S116","01",2420,2021.3,83.5247933884298
"380",90516,"AnPhA","T116","01",1775,1343.28,75.6777464788732
"381",90562,"OcnA","S116","01",1676,1388.47,82.8442720763723
"382",90589,"FrScA","S116","03",1212,132.95,10.9694719471947
"383",90622,"FrScA","S216","01",1232,1094,88.7987012987013
"384",90636,"FrScA","S216","01",1232,853,69.237012987013
"385",90855,"FrScA","S116","03",1212,867.17,71.5486798679868
"386",90861,"OcnA","S116","01",1676,1508.25,89.9910501193317
"387",90878,"FrScA","S116","03",1212,1094.15,90.276402640264
"388",90928,"OcnA","S116","01",1676,1244.07,74.2285202863962
"389",90956,"AnPhA","S116","02",1775,1641.59,92.4839436619718
"390",90971,"AnPhA","S116","02",1775,1445.77667,81.4522067605634
"391",90989,"FrScA","S216","01",1232,1090,88.474025974026
"392",90995,"AnPhA","S116","02",1775,157.5,8.87323943661972
"393",90995,"BioA","S116","01",2420,0,0
"394",90996,"FrScA","S116","04",1212,27.5,2.26897689768977
"395",90996,"OcnA","S216","01",1833,53.75,2.93235133660666
"396",91030,"PhysA","S116","01",2225,2036,91.5056179775281
"397",91038,"PhysA","S116","01",2225,1768.1,79.4651685393258
"398",91065,"AnPhA","S116","02",1775,1077.66667,60.7136152112676
"399",91066,"BioA","S116","01",2420,884,36.5289256198347
"400",91067,"BioA","S116","01",2420,2413.5,99.7314049586777
"401",91163,"OcnA","S216","02",1676,1621.25,96.7332935560859
"402",91164,"AnPhA","S216","02",1775,1566.05,88.2281690140845
"403",91173,"FrScA","S116","01",1212,907,74.8349834983498
"404",91175,"AnPhA","S116","02",1775,1519.21333,85.5894833802817
"405",91176,"FrScA","S116","04",1212,1168.1,96.3778877887789
"406",91212,"FrScA","S216","01",1232,1088,88.3116883116883
"407",91252,"OcnA","S216","02",1676,1212.78,72.3615751789976
"408",91300,"BioA","S116","01",2420,2313.25,95.5888429752066
"409",91313,"AnPhA","S216","01",1775,1543.62,86.9645070422535
"410",91319,"AnPhA","S116","02",1775,1531.03,86.2552112676056
"411",91320,"AnPhA","S116","02",1775,685.66666,38.6291076056338
"412",91326,"AnPhA","S216","01",1775,927.5,52.2535211267606
"413",91326,"FrScA","S116","04",1212,753.28,62.1518151815181
"414",91340,"FrScA","S116","02",1212,1046.07,86.309405940594
"415",91351,"BioA","S116","01",2420,313.75,12.9648760330579
"416",91410,"FrScA","S216","02",1217,743,61.0517666392769
"417",91471,"FrScA","S116","01",1212,947,78.1353135313531
"418",91477,"FrScA","S116","04",1212,1110.85,91.6542904290429
"419",91550,"FrScA","S216","02",1217,855,70.2547247329499
"420",91574,"AnPhA","S116","02",1775,1449.63666,81.6696709859155
"421",91575,"PhysA","S116","01",2225,2147,96.4943820224719
"422",91607,"FrScA","S216","02",1217,853,70.0903861955629
"423",91611,"BioA","S116","01",2420,2268,93.7190082644628
"424",91619,"AnPhA","S116","02",1775,722.75,40.7183098591549
"425",91624,"BioA","S116","01",2420,1981.77,81.8913223140496
"426",91633,"PhysA","S116","01",2225,1930,86.7415730337079
"427",91634,"AnPhA","S116","02",1775,1556.47666,87.688825915493
"428",91635,"OcnA","S116","01",1676,1275.57,76.1079952267303
"429",91672,"AnPhA","S116","02",1775,1649.425,92.9253521126761
"430",91709,"AnPhA","S116","02",1775,1592.73,89.7312676056338
"431",91771,"AnPhA","S116","02",1775,691,38.9295774647887
"432",91818,"OcnA","S116","01",1676,1622.76,96.8233890214797
"433",91821,"PhysA","S116","01",2225,2114,95.0112359550562
"434",91932,"AnPhA","S116","02",1775,1496.71666,84.3220653521127
"435",91943,"FrScA","S216","02",1217,1133,93.0977814297453
"436",92021,"OcnA","S116","02",1676,1458.25,87.0077565632458
"437",92124,"FrScA","S216","01",1232,954,77.4350649350649
"438",92143,"FrScA","S116","01",1212,1143,94.3069306930693
"439",92152,"BioA","S116","01",2420,2242.48,92.6644628099174
"440",92185,"AnPhA","S116","02",1775,1663.11,93.696338028169
"441",92214,"FrScA","S116","01",1212,1047.25,86.4067656765677
"442",92510,"BioA","S116","01",2420,2287.75,94.5351239669422
"443",92511,"PhysA","S116","01",2225,1620.8,72.8449438202247
"444",92604,"FrScA","S116","03",1212,150,12.3762376237624
"445",92606,"BioA","S116","01",2420,265,10.9504132231405
"446",92606,"BioA","S216","01",2425,5,0.206185567010309
"447",92633,"BioA","S116","01",2420,140,5.78512396694215
"448",92724,"PhysA","S116","01",2225,2095,94.1573033707865
"449",92725,"PhysA","S116","01",2225,2147.5,96.5168539325843
"450",92726,"PhysA","S116","01",2225,2190,98.4269662921348
"451",92727,"PhysA","S116","01",2225,2183,98.1123595505618
"452",92729,"PhysA","S116","01",2225,2100.5,94.4044943820225
"453",92732,"PhysA","S116","01",2225,2067.5,92.9213483146067
"454",92733,"PhysA","S116","01",2225,2134,95.9101123595506
"455",92740,"PhysA","S116","01",2225,2186,98.247191011236
"456",92741,"PhysA","S116","01",2225,2182,98.0674157303371
"457",92743,"PhysA","S116","01",2225,2070.5,93.0561797752809
"458",94070,"FrScA","S216","01",1232,1170,94.9675324675325
"459",94135,"FrScA","S216","01",1232,1074,87.1753246753247
"460",94156,"FrScA","S216","01",1232,1182,95.9415584415584
"461",94172,"FrScA","S216","01",1232,1130,91.7207792207792
"462",94189,"PhysA","S216","01",2225,2051.5,92.2022471910112
"463",94219,"AnPhA","S216","02",1775,123.5,6.95774647887324
"464",94240,"OcnA","S216","02",1676,1527.65,91.1485680190931
"465",94246,"AnPhA","S216","01",1775,925.485,52.14
"466",94251,"PhysA","S216","01",2225,2167,97.3932584269663
"467",94257,"FrScA","S216","01",1232,1122,91.0714285714286
"468",94288,"FrScA","S216","01",1232,1134,92.0454545454545
"469",94292,"FrScA","S216","01",1232,1098,89.1233766233766
"470",94319,"OcnA","S216","01",1833,1110.28,60.5717403164212
"471",94323,"OcnA","S216","01",1833,1713.75,93.494271685761
"472",94327,"OcnA","S216","02",1676,435.8,26.0023866348449
"473",94331,"FrScA","S216","01",1232,332,26.9480519480519
"474",94332,"FrScA","S216","01",1232,1087,88.2305194805195
"475",94356,"FrScA","S216","01",1232,100,8.11688311688312
"476",94369,"FrScA","S216","03",1222,852.9,69.7954173486088
"477",94370,"FrScA","S216","01",1232,1166,94.6428571428571
"478",94376,"FrScA","S216","01",1232,1150,93.3441558441558
"479",94400,"FrScA","S216","01",1232,1068,86.6883116883117
"480",94402,"FrScA","S216","01",1232,1165,94.5616883116883
"481",94404,"FrScA","S216","01",1232,1057,85.7954545454545
"482",94419,"FrScA","S216","01",1232,1105,89.6915584415584
"483",94542,"AnPhA","S216","02",1775,927,52.2253521126761
"484",94545,"AnPhA","S216","02",1775,1170.25,65.9295774647887
"485",94550,"AnPhA","S216","02",1775,1605.4,90.4450704225352
"486",94556,"OcnA","S216","02",1676,1409.68,84.109785202864
"487",94577,"OcnA","S216","02",1676,1494.39,89.1640811455847
"488",94586,"FrScA","S216","01",1232,1002.5,81.3717532467532
"489",94590,"OcnA","S216","01",1833,1441.48,78.6404800872886
"490",94630,"OcnA","S216","01",1833,102.5,5.59192580469176
"491",94654,"OcnA","S216","01",1833,1530.77,83.5117294053464
"492",94661,"FrScA","S216","01",1232,922,74.8376623376623
"493",94691,"AnPhA","S216","01",1775,333.15,18.769014084507
"494",94717,"OcnA","S216","01",1833,1278.65,69.7572285870158
"495",94744,"OcnA","S216","01",1833,1786.76,97.4773595199127
"496",94756,"FrScA","S216","01",1232,894,72.5649350649351
"497",94805,"AnPhA","S216","01",1775,1606.04,90.4811267605634
"498",94824,"FrScA","S216","01",1232,1196,97.0779220779221
"499",94846,"AnPhA","S216","01",1775,1314.56666,74.0600935211268
"500",94869,"FrScA","S216","01",1232,711,57.711038961039
"501",94872,"AnPhA","S216","01",1775,1207.25667,68.0144602816901
"502",94876,"OcnA","S216","02",1676,87.5,5.22076372315036
"503",94898,"AnPhA","S216","02",1775,1495.64,84.2614084507042
"504",94903,"AnPhA","S216","02",1775,1241.505,69.9439436619718
"505",94956,"OcnA","S216","01",1833,1186.22,64.7146753955265
"506",94970,"PhysA","S216","01",2225,2136,96
"507",95005,"FrScA","S216","01",1232,1174,95.2922077922078
"508",95014,"AnPhA","S216","01",1775,1715.65,96.656338028169
"509",95017,"AnPhA","S216","02",1775,1546,87.0985915492958
"510",95041,"AnPhA","S216","02",1775,431.4,24.3042253521127
"511",95045,"FrScA","S216","01",1232,869.5,70.5762987012987
"512",95091,"OcnA","S216","01",1833,1125.09,61.379705400982
"513",95114,"AnPhA","S216","01",1775,203.375,11.4577464788732
"514",95160,"AnPhA","S216","02",1775,1721.13,96.9650704225352
"515",95165,"FrScA","S216","01",1232,1137,92.288961038961
"516",95264,"AnPhA","S216","02",1775,175,9.85915492957746
"517",95266,"PhysA","S216","01",2225,2054,92.314606741573
"518",95283,"AnPhA","S216","01",1775,1648.06,92.8484507042253
"519",95283,"PhysA","S216","01",2225,150,6.74157303370786
"520",95360,"FrScA","S216","01",1232,1130,91.7207792207792
"521",95368,"OcnA","S216","02",1676,1544.4,92.1479713603819
"522",95375,"OcnA","S216","02",1676,1577.96,94.1503579952267
"523",95377,"AnPhA","S216","02",1775,1351.18,76.1228169014085
"524",95449,"FrScA","S216","01",1232,672,54.5454545454545
"525",95476,"FrScA","S216","02",1217,834,68.5291700903862
"526",95485,"FrScA","S216","01",1232,591,47.9707792207792
"527",95504,"OcnA","S216","01",1833,882.35,48.1369339879978
"528",95533,"OcnA","S216","01",1833,576.65,31.4593562465903
"529",95545,"AnPhA","S216","01",1775,1469.26,82.7752112676056
"530",95578,"PhysA","S216","01",2225,2041,91.7303370786517
"531",95594,"AnPhA","S216","01",1775,782.16666,44.0657273239437
"532",95601,"AnPhA","S216","01",1775,1584.43667,89.2640377464789
"533",95618,"AnPhA","S216","01",1775,1265.95333,71.3213143661972
"534",95620,"AnPhA","S216","01",1775,1336.29,75.2839436619718
"535",95621,"FrScA","S216","01",1232,1178,95.6168831168831
"536",95624,"OcnA","S216","02",1676,1491.13,88.9695704057279
"537",95632,"FrScA","S216","01",1232,831.5,67.4918831168831
"538",95633,"FrScA","S216","01",1232,932,75.6493506493506
"539",95634,"AnPhA","S216","01",1775,1429.49331,80.5348343661972
"540",95658,"BioA","S216","01",2425,2010.5,82.9072164948454
"541",95684,"FrScA","S216","01",1232,12,0.974025974025974
"542",95707,"BioA","S216","01",2425,2190.8,90.3422680412371
"543",95725,"OcnA","S216","01",1833,1262.33,68.8668848881615
"544",95726,"FrScA","S216","01",1232,1156,93.8311688311688
"545",95738,"OcnA","S216","01",1833,30,1.6366612111293
"546",95743,"FrScA","S216","01",1232,1184,96.1038961038961
"547",95770,"OcnA","S216","01",1833,1701.25,92.8123295144572
"548",95868,"OcnA","S216","02",1676,915.03,54.596062052506
"549",95896,"FrScA","S216","01",1232,925.5,75.1217532467532
"550",95915,"AnPhA","S216","01",1775,1358.42167,76.5307983098592
"551",95919,"AnPhA","S216","02",1775,1545.67666,87.0803752112676
"552",95919,"FrScA","S216","02",1217,1151.75,94.6384552177486
"553",95921,"OcnA","S216","02",1676,1389.38,82.8985680190931
"554",95923,"FrScA","S216","02",1217,1126,92.5225965488907
"555",95925,"FrScA","S216","02",1217,1128,92.6869350862777
"556",95957,"AnPhA","S216","01",1775,1279.35,72.0760563380282
"557",95989,"FrScA","S216","01",1232,1063.5,86.3230519480519
"558",95991,"FrScA","S216","01",1232,1007.5,81.7775974025974
"559",96027,"PhysA","S216","01",2225,1822.25,81.8988764044944
"560",96048,"FrScA","S216","04",1217,904.26,74.3023829087921
"561",96082,"FrScA","S216","02",1217,727,59.7370583401808
"562",96090,"PhysA","S216","01",2225,385,17.3033707865169
"563",96121,"OcnA","S216","01",1833,1478.72,80.6721222040371
"564",96134,"FrScA","S216","02",1217,1104,90.7148726376335
"565",96142,"FrScA","S216","02",1217,1104,90.7148726376335
"566",96189,"FrScA","S216","02",1217,1090,89.5645028759244
"567",96228,"AnPhA","S216","01",1775,1625.18,91.5594366197183
"568",96280,"FrScA","S216","02",1217,1009,82.9087921117502
"569",96345,"OcnA","S216","01",1833,1238.65,67.5750136388434
"570",96373,"OcnA","S216","01",1833,1395.81,76.1489361702128
"571",96374,"OcnA","S216","01",1833,1396.85,76.2056737588652
"572",96412,"OcnA","S216","01",1833,1310.59,71.4997272231315
"573",96414,"FrScA","S216","02",1217,920,75.5957271980279
"574",96433,"FrScA","S216","02",1217,1154,94.823336072309
"575",96472,"PhysA","S216","01",2225,1693.5,76.1123595505618
"576",96590,"PhysA","S216","01",2225,535,24.0449438202247
"577",96640,"AnPhA","S216","01",1775,198,11.1549295774648
"578",96671,"OcnA","S216","01",1833,795.3,43.3878887070376
"579",96677,"AnPhA","S216","01",1775,162.5,9.15492957746479
"580",96680,"AnPhA","S216","01",1775,1088.32,61.3138028169014
"581",96689,"OcnA","S216","01",1833,1526.17,83.2607746863066
"582",96690,"AnPhA","S216","01",1775,1212.72,68.3222535211268
"583",96720,"AnPhA","S216","01",1775,374.25,21.0845070422535
"584",96756,"OcnA","S216","01",1833,1668.8,91.0420076377523
"585",96769,"FrScA","S216","02",1217,704,57.8471651602301
"586",96808,"PhysA","S216","01",2225,2081,93.5280898876404
"587",96826,"AnPhA","S216","02",1775,1597.31,89.9892957746479
"588",96841,"FrScA","S216","02",1217,1148,94.3303204601479
"589",96853,"AnPhA","S216","01",1775,1542.19666,86.8843188732394
"590",96854,"AnPhA","S216","01",1775,1539.30333,86.7213143661972
"591",96856,"OcnA","S216","01",1833,388.9,21.2165848336061
"592",96867,"PhysA","S216","01",2225,2019,90.7415730337079
"593",96871,"AnPhA","S216","02",1775,1489.35332,83.9072292957746
"594",96950,"BioA","S216","01",2425,2214,91.298969072165
"595",96959,"AnPhA","S216","01",1775,1252.4,70.5577464788732
"596",96994,"AnPhA","S216","01",1775,1602.55667,90.2848828169014
"597",97006,"OcnA","S216","01",1833,1287.73,70.2525913802509
"598",97150,"PhysA","S216","01",2225,1458.4,65.5460674157303
"599",97265,"PhysA","S216","01",2225,1946.6,87.4876404494382
"600",97272,"OcnA","S216","01",1833,1539.08,83.9650845608292
"601",97374,"BioA","S216","01",2425,474.5,19.5670103092784
"602",97386,"BioA","S216","01",2425,1470.9,60.6556701030928
"603",97441,"FrScA","S216","02",1217,399,32.7855382087099
"604",254633,"FrScA","S217","01",1217,1121,92.1117502054232
"605",254684,"FrScA","S217","01",1217,971.52,79.8290879211175
"606",254901,"FrScA","S217","02",1361,1254.77,92.1947097722263
"607",254944,"FrScA","S217","01",1217,1014.75,83.3812654067379
"608",254973,"FrScA","S217","01",1217,1116.77,91.7641741988496
"609",254978,"FrScA","S217","01",1217,1117,91.7830731306491
"610",255050,"FrScA","S217","02",1361,94.35,6.93240264511389
"611",255101,"OcnA","S217","01",1781,1198.26,67.2801796743403
"612",255176,"OcnA","S217","01",1791,1703.15,95.0949190396427
"613",255180,"AnPhA","S217","02",1775,1723.13,97.0777464788733
"614",255191,"OcnA","S217","01",1791,1542.62,86.1317699609157
"615",255229,"FrScA","S217","01",1217,1037.72,85.2686935086278
"616",255266,"AnPhA","S217","02",1775,120,6.76056338028169
"617",255324,"FrScA","S217","02",1361,1263.12,92.8082292432035
"618",255325,"FrScA","S217","02",1361,1278.22,93.9177075679647
"619",255533,"AnPhA","S217","01",1805,1641.75,90.9556786703601
"620",255541,"FrScA","S217","01",1217,901.28,74.0575184880854
"621",255627,"OcnA","S217","01",1791,1622.33,90.5823562255723
"622",255712,"FrScA","S217","01",1217,1113.02,91.456039441249
"623",255723,"FrScA","S217","01",1217,1052.22,86.4601479046837
"624",255737,"OcnA","S217","01",1791,1184.15,66.1166945840313
"625",255786,"FrScA","S217","02",1361,1095.5,80.4922850844967
"626",255822,"FrScA","S217","02",1361,0,0
"627",256076,"FrScA","S217","01",1217,157,12.9005751848809
"628",256269,"FrScA","S217","02",1361,1073.4,78.8684790595151
"629",256345,"OcnA","S217","01",1791,1614.95,90.1702959240648
"630",256421,"FrScA","S217","02",1361,976.33,71.7362233651727
"631",256422,"FrScA","S217","02",1361,1125.85,82.722263041881
"632",256509,"AnPhA","S217","02",1775,1624.9,91.543661971831
"633",256631,"AnPhA","S217","01",1805,1207.25999,66.8842099722992
"634",256640,"FrScA","S217","01",1217,1085.52,89.1963845521775
"635",256688,"FrScA","S217","01",1217,1012.9,83.2292522596549
"636",257139,"FrScA","S217","03",1237,1120.75,90.6022635408246
"637",257143,"FrScA","S217","01",1217,931.7,76.557107641742
"638",257144,"FrScA","S217","01",1217,1066.95,87.670501232539
"639",257145,"FrScA","S217","01",1217,957.05,78.6400986031224
"640",257148,"FrScA","S217","01",1217,80,6.57354149548069
"641",257150,"FrScA","S217","01",1217,927,76.1709120788825
"642",257191,"OcnA","S217","03",1676,1578,94.1527446300716
"643",257192,"OcnA","S217","03",1676,1427.4,85.1670644391408
"644",257214,"OcnA","S217","03",1526,1237.8,81.1140235910878
"645",257238,"AnPhA","S217","02",1775,175,9.85915492957746
"646",257247,"FrScA","S217","02",1361,689.15,50.635562086701
"647",257251,"FrScA","S217","02",1361,1181.47,86.808963997061
"648",257354,"OcnA","S217","01",1791,1532.82,85.5845896147404
"649",257376,"FrScA","S217","01",1217,823.45,67.6622843056697
"650",257405,"OcnA","S217","01",1791,1699.2,94.8743718592965
"651",257496,"FrScA","S217","01",1217,1151.6,94.6261298274445
"652",257520,"FrScA","S217","02",1361,1047.12,76.9375459221161
"653",257523,"FrScA","S217","01",1217,964.5,79.2522596548891
"654",257580,"AnPhA","S217","01",1805,1725.76,95.609972299169
"655",257582,"OcnA","S217","01",1791,1459.75,81.5047459519821
"656",257763,"FrScA","S217","02",1361,1094.6,80.4261572373255
"657",257838,"FrScA","S217","01",1217,912.25,74.9589153656532
"658",257936,"FrScA","S217","01",1217,921.75,75.7395234182416
"659",257986,"AnPhA","S217","01",1805,704.775,39.0457063711911
"660",258005,"FrScA","S217","01",1217,37.5,3.08134757600657
"661",258105,"FrScA","S217","02",1361,1034.37,76.0007347538574
"662",258137,"AnPhA","S217","01",1805,1661.785,92.0656509695291
"663",258139,"PhysA","S217","01",2225,2179,97.9325842696629
"664",258163,"AnPhA","S217","01",1805,1680.54666,93.1050781163435
"665",258224,"FrScA","S217","02",1361,65,4.77590007347539
"666",258258,"FrScA","S217","02",1361,1073,78.8390889052167
"667",258439,"FrScA","S217","02",1361,1266,93.0198383541514
"668",258490,"AnPhA","S217","01",1805,1243.33166,68.8826404432133
"669",258502,"AnPhA","S217","01",1795,1429.93,79.6618384401114
"670",258503,"AnPhA","S217","01",1795,1477.245,82.2977715877437
"671",258549,"FrScA","S217","02",1361,1068.27,78.4915503306392
"672",258618,"FrScA","S217","02",1361,1051.77,77.279206465834
"673",258619,"FrScA","S217","02",1361,981.6,72.1234386480529
"674",258730,"AnPhA","S217","01",1805,1317.17,72.9734072022161
"675",258997,"AnPhA","S217","01",1805,1524.9,84.4819944598338
"676",259051,"FrScA","S217","02",1361,1259,92.5055106539309
"677",259059,"FrScA","S217","02",1361,1319.02,96.9155033063924
"678",259107,"FrScA","S217","02",1361,738.77,54.2814107274063
"679",259184,"FrScA","S217","03",1237,985.02,79.6297493936944
"680",259396,"OcnA","S217","01",1791,554.75,30.9743160245673
"681",259488,"FrScA","S217","03",1237,1024.85,82.8496362166532
"682",259714,"FrScA","S217","03",1237,1172,94.7453516572352
"683",259894,"FrScA","S217","03",1237,1210.6,97.8658043654002
"684",259895,"FrScA","S217","03",1237,1027.7,83.0800323362975
"685",260083,"FrScA","S217","03",1237,879.2,71.0751818916734
"686",260157,"OcnA","S217","01",1791,1385.05,77.3338916806253
"687",260175,"FrScA","S217","01",1217,984.3,80.8792111750205
"688",260179,"OcnA","S217","02",1791,1735.7,96.9123394751536
"689",260202,"PhysA","S217","01",2225,2158,96.9887640449438
"690",260617,"FrScA","S217","03",1237,1097,88.6822958771221
"691",260620,"FrScA","S217","03",1237,885.8,71.6087308003234
"692",260653,"AnPhA","S217","01",1805,297.5,16.4819944598338
"693",261111,"FrScA","S217","03",1237,895.52,72.394502829426
"694",261498,"FrScA","S217","03",1237,1141.75,92.2999191592563
"695",261548,"OcnA","S217","01",1791,1395.1,77.8950307091011
"696",261650,"FrScA","S217","03",1237,1140,92.1584478577203
"697",261672,"OcnA","S217","02",1791,1680.75,93.8442211055276
"698",261790,"FrScA","S217","01",1217,1098.75,90.2834839769926
"699",261894,"FrScA","S217","03",1237,994.85,80.4244139046079
"700",261958,"FrScA","S217","03",1237,1131.95,91.5076798706548
"701",261979,"FrScA","S217","03",1237,1084.75,87.6919967663703
"702",262153,"FrScA","S217","03",1237,996.45,80.5537590945837
"703",262405,"BioA","S217","01",2425,1584.54,65.3418556701031
"704",262625,"OcnA","S217","02",1791,1188.1,66.3372417643774
"705",262644,"AnPhA","S217","01",1805,1240.91666,68.7488454293629
"706",262708,"BioA","S217","01",2425,2170.13,89.4898969072165
"707",263151,"AnPhA","S217","02",1775,1527.26,86.0428169014084
"708",263240,"FrScA","S217","01",1217,1045.87,85.9383730484799
"709",263539,"AnPhA","S217","02",1775,1527.5,86.056338028169
"710",263543,"OcnA","S217","01",1791,1589,88.7213847012842
"711",263749,"OcnA","S217","02",1791,1577.55,88.0820770519263
"712",263833,"AnPhA","S217","02",1775,1534.375,86.443661971831
"713",263906,"OcnA","S217","03",1676,1275.47,76.1020286396181
"714",264514,"AnPhA","S217","02",1775,1710.5,96.3661971830986
"715",264721,"PhysA","S217","01",2225,2169,97.4831460674157
"716",265311,"AnPhA","S217","02",1775,1131.16666,63.7276991549296
"717",265635,"OcnA","S217","01",1791,1338,74.7068676716918
